-- phpMyAdmin SQL Dump
-- version 3.3.3
-- http://www.phpmyadmin.net
--
-- Servidor: localhost
-- Tiempo de generación: 27-02-2013 a las 17:37:04
-- Versión del servidor: 5.1.50
-- Versión de PHP: 5.3.9-ZS5.6.0

SET SQL_MODE="NO_AUTO_VALUE_ON_ZERO";


/*!40101 SET @OLD_CHARACTER_SET_CLIENT=@@CHARACTER_SET_CLIENT */;
/*!40101 SET @OLD_CHARACTER_SET_RESULTS=@@CHARACTER_SET_RESULTS */;
/*!40101 SET @OLD_COLLATION_CONNECTION=@@COLLATION_CONNECTION */;
/*!40101 SET NAMES utf8 */;

--
-- Base de datos: `adminfinal`
--

-- --------------------------------------------------------

--
-- Estructura de tabla para la tabla `cliente`
--

CREATE TABLE IF NOT EXISTS `cliente` (
  `company_name` varchar(100) DEFAULT NULL
) ENGINE=InnoDB DEFAULT CHARSET=latin1;

--
-- Volcar la base de datos para la tabla `cliente`
--

INSERT INTO `cliente` (`company_name`) VALUES
(''),
('edwin2'),
('test'),
('edwinsp'),
('edwinsp2'),
('Pueba de sp'),
('asdf'),
(''),
(''),
('dfgh');

-- --------------------------------------------------------

--
-- Estructura de tabla para la tabla `clientmodules`
--

CREATE TABLE IF NOT EXISTS `clientmodules` (
  `idclientModules` int(11) NOT NULL AUTO_INCREMENT,
  `idCliente` int(11) NOT NULL,
  `installationDate` datetime DEFAULT NULL,
  `idmodule` int(11) NOT NULL,
  PRIMARY KEY (`idclientModules`,`idCliente`)
) ENGINE=InnoDB  DEFAULT CHARSET=latin1 AUTO_INCREMENT=8 ;

--
-- Volcar la base de datos para la tabla `clientmodules`
--

INSERT INTO `clientmodules` (`idclientModules`, `idCliente`, `installationDate`, `idmodule`) VALUES
(2, 432, '2013-02-22 00:00:00', 1),
(3, 445, NULL, 3),
(4, 445, NULL, 35),
(5, 432, NULL, 1),
(6, 432, NULL, 3),
(7, 445, NULL, 35);

-- --------------------------------------------------------

--
-- Estructura de tabla para la tabla `contact`
--

CREATE TABLE IF NOT EXISTS `contact` (
  `idcontact` int(11) NOT NULL AUTO_INCREMENT,
  `identity` int(11) NOT NULL,
  `name` varchar(45) DEFAULT NULL,
  `position` varchar(45) DEFAULT NULL,
  `phone` varchar(45) DEFAULT NULL,
  `email` varchar(45) DEFAULT NULL,
  PRIMARY KEY (`idcontact`),
  KEY `fk_identity` (`identity`)
) ENGINE=InnoDB  DEFAULT CHARSET=latin1 AUTO_INCREMENT=14 ;

--
-- Volcar la base de datos para la tabla `contact`
--

INSERT INTO `contact` (`idcontact`, `identity`, `name`, `position`, `phone`, `email`) VALUES
(1, 350, 'xcvx', 'cvxcv', 'xcvxcv', 'xcvxvcx'),
(2, 350, 'xcvxcv', 'xcvxc', 'vxcvxcv', 'xcvxcv'),
(3, 350, 'xcvxvcxc', 'vxcvx', 'cvxcvx', 'cvxcvxcv'),
(4, 351, 'xcvx', 'cvxcv', 'xcvxcv', 'xcvxvcx'),
(5, 351, 'xcbcv', 'bcvb', 'cvbc', 'vbcvb'),
(6, 372, 'a', '', '', ''),
(7, 373, '', '', 'd', ''),
(8, 374, '', '', 'd', ''),
(9, 375, '', '', 'd', ''),
(10, 387, '', 'd', '', ''),
(11, 388, '', 'd', '', ''),
(12, 391, '', 'd', '', ''),
(13, 392, 'Edwin', 'JEfe', '290-5263', 'edwin@jefe.com');

-- --------------------------------------------------------

--
-- Estructura de tabla para la tabla `countries`
--

CREATE TABLE IF NOT EXISTS `countries` (
  `idcountries` int(11) NOT NULL AUTO_INCREMENT,
  `countries` varchar(100) NOT NULL,
  `abbreviations` varchar(4) NOT NULL,
  PRIMARY KEY (`idcountries`)
) ENGINE=InnoDB  DEFAULT CHARSET=latin1 AUTO_INCREMENT=234 ;

--
-- Volcar la base de datos para la tabla `countries`
--

INSERT INTO `countries` (`idcountries`, `countries`, `abbreviations`) VALUES
(1, 'Afghanistan', 'AFG'),
(2, 'Netherlands Antilles', 'AHO'),
(3, 'Albania', 'ALB'),
(4, 'Algeria', 'ALG'),
(5, 'Andorra', 'AND'),
(6, 'Angola', 'ANG'),
(7, 'Antigua & Barbuda', 'ANT'),
(8, 'Argentina', 'ARG'),
(9, 'Armenia', 'ARM'),
(10, 'Aruba', 'ARU'),
(11, 'American Samoa', 'ASA'),
(12, 'Australia', 'AUS'),
(13, 'Austria', 'AUT'),
(14, 'Azerbaijan', 'AZE'),
(15, 'Bahamas', 'BAH'),
(16, 'Bangladesh', 'BAN'),
(17, 'Barbados', 'BAR'),
(18, 'Burundi', 'BDI'),
(19, 'Belgium', 'BEL'),
(20, 'Benin', 'BEN'),
(21, 'Bermuda', 'BER'),
(22, 'Bhutan', 'BHU'),
(23, 'Bosnia-Herzegovina', 'BIH'),
(24, 'Burma', 'bir'),
(25, 'Belize', 'BIZ'),
(26, 'Belarus', 'BLR'),
(27, 'see BLR', 'bls'),
(28, 'Bolivia', 'BOL'),
(29, 'see BIH', 'bos'),
(30, 'Botswana', 'BOT'),
(31, 'Brazil', 'BRA'),
(32, 'Bahrain', 'BRN'),
(33, 'Brunei', 'BRU'),
(34, 'Bulgaria', 'BUL'),
(35, 'Burkina Faso', 'BUR'),
(36, 'Central African Republic', 'CAF'),
(37, 'Cambodia', 'CAM'),
(38, 'Canada', 'CAN'),
(39, 'Cayman Islands', 'CAY'),
(40, 'Republic of the Congo', 'CGO'),
(41, 'Chad', 'CHA'),
(42, 'Chile', 'CHI'),
(43, 'see CHI', 'chl'),
(44, 'Peoples Republic of China', 'CHN'),
(45, 'Ivory Coast (C“te d?Ivoire)', 'CIV'),
(46, 'Cameroon', 'CMR'),
(47, 'Democratic Republic of the Congo', 'COD'),
(48, 'Cook Islands', 'COK'),
(49, 'Colombia', 'COL'),
(50, 'Comoros', 'COM'),
(51, 'Cape Verde', 'CPV'),
(52, 'Costa Rica', 'CRC'),
(53, 'Croatia', 'CRO'),
(54, 'Cuba', 'CUB'),
(55, 'Cyprus', 'CYP'),
(56, 'Czech Republic', 'CZE'),
(57, 'Denmark', 'DEN'),
(58, 'Djibouti', 'DJI'),
(59, 'Dominica', 'DMA'),
(60, 'Dominican Republic', 'DOM'),
(61, 'Ecuador', 'ECU'),
(62, 'Egypt', 'EGY'),
(63, 'England', 'Eng'),
(64, 'Eritrea', 'ERI'),
(65, 'El Salvador', 'ESA'),
(66, 'Spain', 'ESP'),
(67, 'Estonia', 'EST'),
(68, 'Ethiopia', 'ETH'),
(69, 'Fiji', 'FIJ'),
(70, 'Finland', 'FIN'),
(71, 'France', 'FRA'),
(72, 'Federal Republic of Germany', 'frg'),
(73, 'Micronesia', 'FSM'),
(74, 'Gabon', 'GAB'),
(75, 'The Gambia', 'GAM'),
(76, 'United Kingdom of Great Britain & Northern Ireland', 'GBR'),
(77, 'Guinea-Bissau', 'GBS'),
(78, 'German Democratic Republic', 'gdr'),
(79, 'Georgia', 'GEO'),
(80, 'Equatorial Guinea', 'GEQ'),
(81, 'Germany (previous to 1948 and from 1991)', 'GER'),
(82, 'Ghana', 'GHA'),
(83, 'Greece', 'GRE'),
(84, 'Grenada', 'GRN'),
(85, 'Guatemala', 'GUA'),
(86, 'Guinea', 'GUI'),
(87, 'Guam', 'GUM'),
(88, 'Guyana', 'GUY'),
(89, 'Haiti', 'HAI'),
(90, 'Hong Kong', 'HKG'),
(91, 'see NED', 'hol'),
(92, 'Honduras', 'HON'),
(93, 'Hungary', 'HUN'),
(94, 'Indonesia', 'INA'),
(95, 'India', 'IND'),
(96, 'Iran', 'IRI'),
(97, 'Ireland', 'IRL'),
(98, 'Iraq', 'IRQ'),
(99, 'Iceland', 'ISL'),
(100, 'Israel', 'ISR'),
(101, 'US Virgin Islands', 'ISV'),
(102, 'Italy', 'ITA'),
(103, 'British Virgin Islands', 'IVB'),
(104, 'see CIV', 'ivc'),
(105, 'Jamaica', 'JAM'),
(106, 'Jordan', 'JOR'),
(107, 'Japan', 'JPN'),
(108, 'Kazakhstan', 'KAZ'),
(109, 'Kenya', 'KEN'),
(110, 'Kyrgyzstan', 'KGZ'),
(111, 'Kiribati', 'KIR'),
(112, 'South Korea', 'KOR'),
(113, 'Saudi Arabia', 'KSA'),
(114, 'Kuwait', 'KUW'),
(115, 'see KAZ', 'kzk'),
(116, 'Laos', 'LAO'),
(117, 'Latvia', 'LAT'),
(118, 'Libya', 'LBA'),
(119, 'Liberia', 'LBR'),
(120, 'Saint Lucia', 'LCA'),
(121, 'Lesotho', 'LES'),
(122, 'Lebanon', 'LIB'),
(123, 'Liechtenstein', 'LIE'),
(124, 'see LTU', 'lit'),
(125, 'Lithuania', 'LTU'),
(126, 'Luxembourg', 'LUX'),
(127, 'Madagascar', 'MAD'),
(128, 'Morocco', 'MAR'),
(129, 'Malaysia', 'MAS'),
(130, 'Malawi', 'MAW'),
(131, 'Moldova', 'MDA'),
(132, 'Maldives', 'MDV'),
(133, 'Mexico', 'MEX'),
(134, 'Mongolia', 'MGL'),
(135, 'Marshall Islands', 'MHL'),
(136, 'Macedonia', 'MKD'),
(137, 'Mali', 'MLI'),
(138, 'Malta', 'MLT'),
(139, 'Montenegro', 'MNE'),
(140, 'see MDA', 'mol'),
(141, 'Monaco', 'MON'),
(142, 'Mozambique', 'MOZ'),
(143, 'Mauritius', 'MRI'),
(144, 'Mauritania', 'MTN'),
(145, 'Myanmar', 'MYA'),
(146, 'Namibia', 'NAM'),
(147, 'Nicaragua', 'NCA'),
(148, 'the Netherlands', 'NED'),
(149, 'Nepal', 'NEP'),
(150, 'Nigeria', 'NGR'),
(151, 'Northern Ireland (Ulster)', 'NI'),
(152, 'Niger', 'NIG'),
(153, 'Norway', 'NOR'),
(154, 'Northern Rhodesia', 'nrd'),
(155, 'Nauru', 'NRU'),
(156, 'New Zealand', 'NZL'),
(157, 'Oman', 'OMA'),
(158, 'Pakistan', 'PAK'),
(159, 'Panama', 'PAN'),
(160, 'Paraguay', 'PAR'),
(161, 'Peru', 'PER'),
(162, 'Philippines', 'PHI'),
(163, 'Palestine', 'PLE'),
(164, 'Palau', 'PLW'),
(165, 'Papua New Guinea', 'PNG'),
(166, 'Poland', 'POL'),
(167, 'Portugal', 'POR'),
(168, 'North Korea (Korean PDR)', 'PRK'),
(169, 'Puerto Rico', 'PUR'),
(170, 'Qatar', 'QAT'),
(171, 'see ROU', 'rom'),
(172, 'Romania', 'ROU'),
(173, 'South Africa', 'RSA'),
(174, 'Russia', 'RUS'),
(175, 'Rwanda', 'RWA'),
(176, 'Samoa', 'SAM'),
(177, 'see KSA', 'sau'),
(178, 'Serbia and Montenegro', 'scg'),
(179, 'Scotland', 'Sco'),
(180, 'S‚n‚gal', 'SEN'),
(181, 'Seychelles', 'SEY'),
(182, 'Singapore', 'SIN'),
(183, 'Saint Kitts and Nevis', 'SKN'),
(184, 'see KOR', 'skr'),
(185, 'Sierra Leone', 'SLE'),
(186, 'Slovenia', 'SLO'),
(187, 'San Marino Republic', 'SMR'),
(188, 'Solomon Islands', 'SOL'),
(189, 'Somalia', 'SOM'),
(190, 'Serbia', 'SRB'),
(191, 'Southern Rhodesia', 'srd'),
(192, 'Sri Lanka', 'SRI'),
(193, 'S?o Tome and Principe', 'STP'),
(194, 'Sudan', 'SUD'),
(195, 'Switzerland', 'SUI'),
(196, 'Suriname', 'SUR'),
(197, 'Slovakia', 'SVK'),
(198, 'Sweden', 'SWE'),
(199, 'Swaziland', 'SWZ'),
(200, 'Syria', 'SYR'),
(201, 'Tanzania', 'TAN'),
(202, 'Czechoslovakia', 'tch'),
(203, 'Tonga', 'TGA'),
(204, 'Thailand', 'THA'),
(205, 'Tadjikistan', 'TJK'),
(206, 'Turkmenistan', 'TKM'),
(207, 'Timor-Leste', 'TLS'),
(208, 'Togo', 'TOG'),
(209, 'Taiwan (Chinese Taipei)', 'TPE'),
(210, 'Trinidad & Tobago', 'TRI'),
(211, 'Tunisia', 'TUN'),
(212, 'Turkey', 'TUR'),
(213, 'Tuvalu', 'TUV'),
(214, 'United Arab Emirates', 'UAE'),
(215, 'Uganda', 'UGA'),
(216, 'Ukraine', 'UKR'),
(217, 'Unified Team', 'unt'),
(218, 'Soviet Union (USSR)', 'urs'),
(219, 'Uruguay', 'URU'),
(220, 'United States', 'USA'),
(221, 'Uzbekistan', 'UZB'),
(222, 'Vanuatu', 'VAN'),
(223, 'Venezuela', 'VEN'),
(224, 'Vietnam', 'VIE'),
(225, 'St. Vincent and the Grenadines', 'VIN'),
(226, 'Wales', 'Wal'),
(227, 'West Indies', 'WI'),
(228, 'Yemen', 'YEM'),
(229, 'Former Yugoslavia', 'yug'),
(230, 'Serbia and Montenegro', 'yug'),
(231, 'Zaire', 'zai'),
(232, 'Zambia', 'ZAM'),
(233, 'Zimbabwe', 'ZIM');

-- --------------------------------------------------------

--
-- Estructura de tabla para la tabla `directors`
--

CREATE TABLE IF NOT EXISTS `directors` (
  `iddirectors` int(11) NOT NULL AUTO_INCREMENT,
  `name` varchar(100) DEFAULT NULL,
  `legal` varchar(45) DEFAULT NULL,
  `identity` int(11) NOT NULL,
  PRIMARY KEY (`iddirectors`),
  KEY `identity` (`iddirectors`)
) ENGINE=InnoDB  DEFAULT CHARSET=latin1 COMMENT='			' AUTO_INCREMENT=25 ;

--
-- Volcar la base de datos para la tabla `directors`
--

INSERT INTO `directors` (`iddirectors`, `name`, `legal`, `identity`) VALUES
(1, 'edwin', 'director', 1),
(2, 'asdas', 'dasdasd', 341),
(3, 'asdasd', 'asdasd', 341),
(4, 'asdasd', 'asdasd', 341),
(5, 'asdasd', 'asd', 341),
(6, 'director1', 'legal', 342),
(7, 'director2', 'legat', 342),
(8, '', '', 343),
(9, '', '', 344),
(10, '', '', 345),
(11, '', '', 346),
(12, '', '', 347),
(13, '', '', 348),
(14, '', '', 349),
(15, '', '', 350),
(16, '', '', 351),
(17, '', 't', 383),
(18, '', 'd', 387),
(19, '', 'd', 388),
(20, '', 'd', 389),
(21, '', 'd', 390),
(22, '', 'd', 391),
(23, 'Edwin', 'toribio', 392),
(24, 'sdfsdf', 'sdfsdf', 459);

-- --------------------------------------------------------

--
-- Estructura de tabla para la tabla `entity`
--

CREATE TABLE IF NOT EXISTS `entity` (
  `id_entity` int(11) NOT NULL AUTO_INCREMENT,
  `id_user` varchar(100) NOT NULL,
  `company_name` varchar(255) NOT NULL,
  `incorporation_date` datetime DEFAULT '0000-00-00 00:00:00',
  `jurisdiction` varchar(255) DEFAULT NULL,
  `type_business` varchar(255) DEFAULT NULL,
  `company_address` varchar(255) DEFAULT NULL,
  `email` varchar(255) DEFAULT NULL,
  `phone` varchar(255) DEFAULT NULL,
  `fax` varchar(255) DEFAULT NULL,
  `position_authorizations` varchar(45) DEFAULT NULL,
  `name_position_authorizations` varchar(45) DEFAULT NULL,
  `email_position_authorizations` varchar(45) DEFAULT NULL,
  `phone_position_authorizations` varchar(45) DEFAULT NULL,
  `position_super_administrator` varchar(45) DEFAULT NULL,
  `name_super_administrator` varchar(45) DEFAULT NULL,
  `phone_super_administrator` varchar(45) DEFAULT NULL,
  `email_super_administrator` varchar(45) DEFAULT NULL,
  `previous_entity` int(11) DEFAULT NULL,
  `creation_date` varchar(255) DEFAULT NULL,
  `ip_address` varchar(255) DEFAULT NULL,
  `confirm` varchar(255) DEFAULT NULL,
  `abbreviation_name` varchar(45) DEFAULT NULL,
  PRIMARY KEY (`id_entity`,`id_user`),
  UNIQUE KEY `id_entity_UNIQUE` (`id_entity`)
) ENGINE=InnoDB  DEFAULT CHARSET=utf8 AUTO_INCREMENT=463 ;

--
-- Volcar la base de datos para la tabla `entity`
--

INSERT INTO `entity` (`id_entity`, `id_user`, `company_name`, `incorporation_date`, `jurisdiction`, `type_business`, `company_address`, `email`, `phone`, `fax`, `position_authorizations`, `name_position_authorizations`, `email_position_authorizations`, `phone_position_authorizations`, `position_super_administrator`, `name_super_administrator`, `phone_super_administrator`, `email_super_administrator`, `previous_entity`, `creation_date`, `ip_address`, `confirm`, `abbreviation_name`) VALUES
(1, 'Hacer funcion de User', 'dfgh-2', '2013-01-08 11:31:14', '', 'asd', 'asd', 'asd', 'asd', 'qwe', NULL, NULL, NULL, NULL, NULL, NULL, NULL, NULL, 1, NULL, '', '', NULL),
(2, 'User', 'compania', '2013-01-08 11:53:41', 'jurisdiction', 'actividad', 'direccion', 'email', 'phone', 'fax', NULL, NULL, NULL, NULL, NULL, NULL, NULL, NULL, 1, '2013-01-08 11:53:41', 'ip', 'confirmacion', NULL),
(3, 'nombre', 'User', '2013-01-08 12:16:33', 'jurisdiction', 'actividad', 'direccion', 'email', 'phone', 'fax', NULL, NULL, NULL, NULL, NULL, NULL, NULL, NULL, 1, '2013-01-08 12:16:33', 'ip', 'confirmacion', NULL),
(4, 'Edwin company', 'User', '2013-01-08 14:21:33', 'jurisdiction', 'Desarrollo', 'Paitilla', 'edwin.toribio.j@gmail.com', '292-0000', '292-0100', NULL, NULL, NULL, NULL, NULL, NULL, NULL, NULL, 1, '2013-01-08 14:21:33', 'ip', 'confirmacion', NULL),
(5, 'eugeniocompany', 'User', '2013-01-08 14:22:33', 'jurisdiction', 'Desarrollo', 'Paitilla', 'edwin.toribio.j@gmail.com', '292-0000', '292-0100', NULL, NULL, NULL, NULL, NULL, NULL, NULL, NULL, 1, '2013-01-08 14:22:33', 'ip', 'confirmacion', NULL),
(6, '', 'User', '2013-01-09 10:27:21', 'jurisdiction', '', '', '', '', '', NULL, NULL, NULL, NULL, NULL, NULL, NULL, NULL, 1, '2013-01-09 10:27:21', 'ip', 'confirmacion', NULL),
(7, '', 'User', '2013-01-09 10:27:40', 'jurisdiction', '', '', '', '', '', NULL, NULL, NULL, NULL, NULL, NULL, NULL, NULL, 1, '2013-01-09 10:27:40', 'ip', 'confirmacion', NULL),
(8, '', 'User', '2013-01-09 10:28:07', 'jurisdiction', '', '', '', '', '', NULL, NULL, NULL, NULL, NULL, NULL, NULL, NULL, 1, '2013-01-09 10:28:07', 'ip', 'confirmacion', NULL),
(9, '', 'User', '2013-01-09 10:29:33', 'jurisdiction', '', '', '', '', '', NULL, NULL, NULL, NULL, NULL, NULL, NULL, NULL, 1, '2013-01-09 10:29:33', 'ip', 'confirmacion', NULL),
(10, 'tas', 'User', '2013-01-09 11:25:55', 'jurisdiction', 'qwe', 'qwe', 'qwe', 'qwe', 'qwe', NULL, NULL, NULL, NULL, NULL, NULL, NULL, NULL, 1, '2013-01-09 11:25:55', 'ip', 'confirmacion', NULL),
(11, 'eugenio', 'User', '2013-01-09 11:29:43', 'jurisdiction', 'qwqw', 'qw', 'qwqw', 'qw', 'qwqwq', NULL, NULL, NULL, NULL, NULL, NULL, NULL, NULL, 1, '2013-01-09 11:29:43', 'ip', 'confirmacion', NULL),
(12, 'Remy', 'User', '2013-01-09 12:28:37', 'jurisdiction', '123', '123', '123', '123', '123', NULL, NULL, NULL, NULL, NULL, NULL, NULL, NULL, 1, '2013-01-09 12:28:37', 'ip', 'confirmacion', NULL),
(13, '', 'User', '2013-01-10 15:26:09', 'jurisdiction', '', '', '', '', '', NULL, NULL, NULL, NULL, NULL, NULL, NULL, NULL, 1, '2013-01-10 15:26:09', 'ip', 'confirmacion', NULL),
(14, '', 'User', '2013-01-11 14:37:41', 'jurisdiction', '', '', '', '', '', NULL, NULL, NULL, NULL, NULL, NULL, NULL, NULL, 1, '2013-01-11 14:37:41', 'ip', 'confirmacion', NULL),
(15, '', 'User', '2013-01-11 14:38:45', 'jurisdiction', '', '', '', '', '', NULL, NULL, NULL, NULL, NULL, NULL, NULL, NULL, 1, '2013-01-11 14:38:45', 'ip', 'confirmacion', NULL),
(16, '', 'User', '2013-01-11 14:40:45', 'jurisdiction', '', '', '', '', '', NULL, NULL, NULL, NULL, NULL, NULL, NULL, NULL, 1, '2013-01-11 14:40:45', 'ip', 'confirmacion', NULL),
(17, '', 'User', '2013-01-12 09:25:26', 'jurisdiction', '', '', '', '', '', NULL, NULL, NULL, NULL, NULL, NULL, NULL, NULL, 1, '2013-01-12 09:25:26', 'ip', 'confirmacion', NULL),
(18, '', 'User', '2013-01-12 11:04:11', 'jurisdiction', '', '', '', '', '', NULL, NULL, NULL, NULL, NULL, NULL, NULL, NULL, 1, '2013-01-12 11:04:11', 'ip', 'confirmacion', NULL),
(19, '', 'User', '2013-01-12 11:06:47', 'jurisdiction', '', '', '', '', '', NULL, NULL, NULL, NULL, NULL, NULL, NULL, NULL, 1, '2013-01-12 11:06:47', 'ip', 'confirmacion', NULL),
(20, '', 'User', '2013-01-12 11:09:33', 'jurisdiction', '', '', '', '', '', NULL, NULL, NULL, NULL, NULL, NULL, NULL, NULL, 1, '2013-01-12 11:09:33', 'ip', 'confirmacion', NULL),
(21, '', 'User', '2013-01-12 11:11:18', 'jurisdiction', '', '', '', '', '', NULL, NULL, NULL, NULL, NULL, NULL, NULL, NULL, 1, '2013-01-12 11:11:18', 'ip', 'confirmacion', NULL),
(22, '', 'User', '2013-01-12 11:18:56', 'jurisdiction', '', '', '', '', '', NULL, NULL, NULL, NULL, NULL, NULL, NULL, NULL, 1, '2013-01-12 11:18:56', 'ip', 'confirmacion', NULL),
(23, '', 'User', '2013-01-12 11:19:52', 'jurisdiction', '', '', '', '', '', NULL, NULL, NULL, NULL, NULL, NULL, NULL, NULL, 1, '2013-01-12 11:19:52', 'ip', 'confirmacion', NULL),
(24, '', 'User', '2013-01-12 11:25:13', 'jurisdiction', '', '', '', '', '', NULL, NULL, NULL, NULL, NULL, NULL, NULL, NULL, 1, '2013-01-12 11:25:13', 'ip', 'confirmacion', NULL),
(25, '', 'User', '2013-01-12 11:55:47', 'jurisdiction', '', '', '', '', '', NULL, NULL, NULL, NULL, NULL, NULL, NULL, NULL, 1, '2013-01-12 11:55:47', 'ip', 'confirmacion', NULL),
(26, '', 'User', '2013-01-12 11:56:51', 'jurisdiction', '', '', '', '', '', NULL, NULL, NULL, NULL, NULL, NULL, NULL, NULL, 1, '2013-01-12 11:56:51', 'ip', 'confirmacion', NULL),
(27, '', 'User', '2013-01-12 11:57:32', 'jurisdiction', '', '', '', '', '', NULL, NULL, NULL, NULL, NULL, NULL, NULL, NULL, 1, '2013-01-12 11:57:32', 'ip', 'confirmacion', NULL),
(28, '', 'User', '2013-01-12 11:57:42', 'jurisdiction', '', '', '', '', '', NULL, NULL, NULL, NULL, NULL, NULL, NULL, NULL, 1, '2013-01-12 11:57:42', 'ip', 'confirmacion', NULL),
(29, '', 'User', '2013-01-12 11:59:31', 'jurisdiction', '', '', '', '', '', NULL, NULL, NULL, NULL, NULL, NULL, NULL, NULL, 1, '2013-01-12 11:59:31', 'ip', 'confirmacion', NULL),
(30, '', 'User', '2013-01-14 09:00:58', 'jurisdiction', '', '', '', '', '', NULL, NULL, NULL, NULL, NULL, NULL, NULL, NULL, 1, '2013-01-14 09:00:58', 'ip', 'confirmacion', NULL),
(31, '', 'User', '2013-01-14 09:06:31', 'jurisdiction', '', '', '', '', '', NULL, NULL, NULL, NULL, NULL, NULL, NULL, NULL, 1, '2013-01-14 09:06:31', 'ip', 'confirmacion', NULL),
(32, '', 'User', '2013-01-14 09:07:11', 'jurisdiction', '', '', '', '', '', NULL, NULL, NULL, NULL, NULL, NULL, NULL, NULL, 1, '2013-01-14 09:07:11', 'ip', 'confirmacion', NULL),
(33, '', 'User', '2013-01-14 09:08:23', 'jurisdiction', '', '', '', '', '', NULL, NULL, NULL, NULL, NULL, NULL, NULL, NULL, 1, '2013-01-14 09:08:23', 'ip', 'confirmacion', NULL),
(34, '', 'User', '2013-01-14 09:09:39', 'jurisdiction', '', '', '', '', '', NULL, NULL, NULL, NULL, NULL, NULL, NULL, NULL, 1, '2013-01-14 09:09:39', 'ip', 'confirmacion', NULL),
(35, '', 'User', '2013-01-14 09:12:48', 'jurisdiction', '', '', '', '', '', NULL, NULL, NULL, NULL, NULL, NULL, NULL, NULL, 1, '2013-01-14 09:12:48', 'ip', 'confirmacion', NULL),
(36, '', 'User', '2013-01-14 09:13:18', 'jurisdiction', '', '', '', '', '', NULL, NULL, NULL, NULL, NULL, NULL, NULL, NULL, 1, '2013-01-14 09:13:18', 'ip', 'confirmacion', NULL),
(37, '', 'User', '2013-01-14 09:14:28', 'jurisdiction', '', '', '', '', '', NULL, NULL, NULL, NULL, NULL, NULL, NULL, NULL, 1, '2013-01-14 09:14:28', 'ip', 'confirmacion', NULL),
(38, '', 'User', '2013-01-14 09:19:24', 'jurisdiction', '', '', '', '', '', NULL, NULL, NULL, NULL, NULL, NULL, NULL, NULL, 1, '2013-01-14 09:19:24', 'ip', 'confirmacion', NULL),
(39, '', 'User', '2013-01-14 09:20:25', 'jurisdiction', '', '', '', '', '', NULL, NULL, NULL, NULL, NULL, NULL, NULL, NULL, 1, '2013-01-14 09:20:25', 'ip', 'confirmacion', NULL),
(40, '', 'User', '2013-01-14 09:21:04', 'jurisdiction', '', '', '', '', '', NULL, NULL, NULL, NULL, NULL, NULL, NULL, NULL, 1, '2013-01-14 09:21:04', 'ip', 'confirmacion', NULL),
(41, '', 'User', '2013-01-14 09:21:55', 'jurisdiction', '', '', '', '', '', NULL, NULL, NULL, NULL, NULL, NULL, NULL, NULL, 1, '2013-01-14 09:21:55', 'ip', 'confirmacion', NULL),
(42, '', 'User', '2013-01-14 09:22:50', 'jurisdiction', '', '', '', '', '', NULL, NULL, NULL, NULL, NULL, NULL, NULL, NULL, 1, '2013-01-14 09:22:50', 'ip', 'confirmacion', NULL),
(43, '', 'User', '2013-01-14 09:25:08', 'jurisdiction', '', '', '', '', '', NULL, NULL, NULL, NULL, NULL, NULL, NULL, NULL, 1, '2013-01-14 09:25:08', 'ip', 'confirmacion', NULL),
(44, '', 'User', '2013-01-14 09:25:59', 'jurisdiction', '', '', '', '', '', NULL, NULL, NULL, NULL, NULL, NULL, NULL, NULL, 1, '2013-01-14 09:25:59', 'ip', 'confirmacion', NULL),
(45, '', 'User', '2013-01-14 09:29:57', 'jurisdiction', '', '', '', '', '', NULL, NULL, NULL, NULL, NULL, NULL, NULL, NULL, 1, '2013-01-14 09:29:57', 'ip', 'confirmacion', NULL),
(46, '', 'User', '2013-01-14 14:26:25', 'jurisdiction', '', '', '', '', '', NULL, NULL, NULL, NULL, NULL, NULL, NULL, NULL, 1, '2013-01-14 14:26:25', 'ip', 'confirmacion', NULL),
(47, '', 'User', '2013-01-15 12:49:52', 'jurisdiction', '', '', '', '', '', NULL, NULL, NULL, NULL, NULL, NULL, NULL, NULL, 1, '2013-01-15 12:49:52', 'ip', 'confirmacion', NULL),
(48, '', 'User', '2013-01-15 15:22:29', 'jurisdiction', 'qwe', 'qwe', 'qwe', 'wqe', 'qwe', NULL, NULL, NULL, NULL, NULL, NULL, NULL, NULL, 1, '2013-01-15 15:22:29', 'ip', 'confirmacion', NULL),
(49, '', 'User', '2013-01-15 15:22:59', 'jurisdiction', 'qwe', 'qwe', 'qwe', 'wqe', 'qwe', NULL, NULL, NULL, NULL, NULL, NULL, NULL, NULL, 1, '2013-01-15 15:22:59', 'ip', 'confirmacion', NULL),
(50, '', 'User', '2013-01-15 15:30:02', 'jurisdiction', 'qwe', 'qwe', 'qwe', 'wqe', 'qwe', NULL, NULL, NULL, NULL, NULL, NULL, NULL, NULL, 1, '2013-01-15 15:30:02', '127.0.0.1', 'confirmacion', NULL),
(51, '', 'User', '2013-01-15 15:30:47', 'jurisdiction', 'qwe', 'qwe', 'qwe', 'wqe', 'qwe', NULL, NULL, NULL, NULL, NULL, NULL, NULL, NULL, 1, '2013-01-15 15:30:47', '127.0.0.1', 'confirmacion', NULL),
(52, '', 'User', '2013-01-15 15:31:51', 'jurisdiction', 'qwe', 'qwe', 'qwe', 'wqe', 'qwe', NULL, NULL, NULL, NULL, NULL, NULL, NULL, NULL, 1, '2013-01-15 15:31:51', '127.0.0.1', 'confirmacion', NULL),
(53, '', 'User', '2013-01-15 15:32:08', 'jurisdiction', 'qwe', 'qwe', 'qwe', 'wqe', 'qwe', NULL, NULL, NULL, NULL, NULL, NULL, NULL, NULL, 1, '2013-01-15 15:32:08', '127.0.0.1', 'confirmacion', NULL),
(54, '', '', '2013-01-15 15:33:33', 'jurisdiction', 'qwe', 'qwe', 'qwe', 'wqe', 'qwe', NULL, NULL, NULL, NULL, NULL, NULL, NULL, NULL, 1, '2013-01-15 15:33:33', '127.0.0.1', 'confirmacion', NULL),
(55, '', '', '2013-01-15 15:33:35', 'jurisdiction', 'qwe', 'qwe', 'qwe', 'wqe', 'qwe', NULL, NULL, NULL, NULL, NULL, NULL, NULL, NULL, 1, '2013-01-15 15:33:35', '127.0.0.1', 'confirmacion', NULL),
(56, '', '', '2013-01-15 15:33:40', 'jurisdiction', 'qwe', 'qwe', 'qwe', 'wqe', 'qwe', NULL, NULL, NULL, NULL, NULL, NULL, NULL, NULL, 1, '2013-01-15 15:33:40', '127.0.0.1', 'confirmacion', NULL),
(57, '', '', '2013-01-15 15:33:57', 'jurisdiction', 'qwe', 'qwe', 'qwe', 'wqe', 'qwe', NULL, NULL, NULL, NULL, NULL, NULL, NULL, NULL, 1, '2013-01-15 15:33:57', '127.0.0.1', 'confirmacion', NULL),
(58, '', '', '2013-01-15 15:34:30', 'jurisdiction', 'qwe', 'qwe', 'qwe', 'wqe', 'qwe', NULL, NULL, NULL, NULL, NULL, NULL, NULL, NULL, 1, '2013-01-15 15:34:30', '127.0.0.1', 'confirmacion', NULL),
(59, '', '', '2013-01-15 15:34:32', 'jurisdiction', 'qwe', 'qwe', 'qwe', 'wqe', 'qwe', NULL, NULL, NULL, NULL, NULL, NULL, NULL, NULL, 1, '2013-01-15 15:34:32', '127.0.0.1', 'confirmacion', NULL),
(60, '', '', '2013-01-15 15:34:33', 'jurisdiction', 'qwe', 'qwe', 'qwe', 'wqe', 'qwe', NULL, NULL, NULL, NULL, NULL, NULL, NULL, NULL, 1, '2013-01-15 15:34:33', '127.0.0.1', 'confirmacion', NULL),
(61, '', '', '2013-01-15 15:34:34', 'jurisdiction', 'qwe', 'qwe', 'qwe', 'wqe', 'qwe', NULL, NULL, NULL, NULL, NULL, NULL, NULL, NULL, 1, '2013-01-15 15:34:34', '127.0.0.1', 'confirmacion', NULL),
(62, '', '', '2013-01-15 15:34:35', 'jurisdiction', 'qwe', 'qwe', 'qwe', 'wqe', 'qwe', NULL, NULL, NULL, NULL, NULL, NULL, NULL, NULL, 1, '2013-01-15 15:34:35', '127.0.0.1', 'confirmacion', NULL),
(63, '', '', '2013-01-15 15:34:36', 'jurisdiction', 'qwe', 'qwe', 'qwe', 'wqe', 'qwe', NULL, NULL, NULL, NULL, NULL, NULL, NULL, NULL, 1, '2013-01-15 15:34:36', '127.0.0.1', 'confirmacion', NULL),
(64, '', '', '2013-01-15 15:34:37', 'jurisdiction', 'qwe', 'qwe', 'qwe', 'wqe', 'qwe', NULL, NULL, NULL, NULL, NULL, NULL, NULL, NULL, 1, '2013-01-15 15:34:37', '127.0.0.1', 'confirmacion', NULL),
(65, '', '', '2013-01-15 15:34:38', 'jurisdiction', 'qwe', 'qwe', 'qwe', 'wqe', 'qwe', NULL, NULL, NULL, NULL, NULL, NULL, NULL, NULL, 1, '2013-01-15 15:34:38', '127.0.0.1', 'confirmacion', NULL),
(66, '', '', '2013-01-15 15:34:38', 'jurisdiction', 'qwe', 'qwe', 'qwe', 'wqe', 'qwe', NULL, NULL, NULL, NULL, NULL, NULL, NULL, NULL, 1, '2013-01-15 15:34:38', '127.0.0.1', 'confirmacion', NULL),
(67, '', '', '2013-01-15 15:35:11', 'jurisdiction', 'asd', 'asd', '', '', '', NULL, NULL, NULL, NULL, NULL, NULL, NULL, NULL, 1, '2013-01-15 15:35:11', '127.0.0.1', 'confirmacion', NULL),
(68, '', 'edwin', '2013-01-15 15:35:47', 'jurisdiction', 'asd', 'asd', '', '', '', NULL, NULL, NULL, NULL, NULL, NULL, NULL, NULL, 1, '2013-01-15 15:35:47', '127.0.0.1', 'confirmacion', NULL),
(69, '', 'edwin', '2013-01-15 15:36:47', 'jurisdiction', 'asd', 'asd', '', '', '', NULL, NULL, NULL, NULL, NULL, NULL, NULL, NULL, 1, '2013-01-15 15:36:47', '127.0.0.1', 'confirmacion', NULL),
(70, '', 'edwin', '2013-01-15 15:38:57', 'jurisdiction', '', '', '', '', '', NULL, NULL, NULL, NULL, NULL, NULL, NULL, NULL, 1, '2013-01-15 15:38:57', '127.0.0.1', 'confirmacion', NULL),
(71, '', 'edwin', '2013-01-15 15:39:36', 'jurisdiction', '', '', '', '', '', NULL, NULL, NULL, NULL, NULL, NULL, NULL, NULL, 1, '2013-01-15 15:39:36', '127.0.0.1', 'confirmacion', NULL),
(72, '', 'edwin', '2013-01-15 15:40:05', 'jurisdiction', '', '', '', '', '', NULL, NULL, NULL, NULL, NULL, NULL, NULL, NULL, 1, '2013-01-15 15:40:05', '127.0.0.1', 'confirmacion', NULL),
(73, '', 'edwin', '2013-01-15 15:45:26', 'jurisdiction', '', '', '', '', '', NULL, NULL, NULL, NULL, NULL, NULL, NULL, NULL, 1, '2013-01-15 15:45:26', '127.0.0.1', 'confirmacion', NULL),
(74, '', 'edwin', '2013-01-15 16:01:24', 'jurisdiction', '', '', '', '', '', NULL, NULL, NULL, NULL, NULL, NULL, NULL, NULL, 1, '2013-01-15 16:01:24', '127.0.0.1', 'confirmacion', NULL),
(75, '', 'edwin', '2013-01-15 16:01:39', 'jurisdiction', '', '', '', '', '', NULL, NULL, NULL, NULL, NULL, NULL, NULL, NULL, 1, '2013-01-15 16:01:39', '127.0.0.1', 'confirmacion', NULL),
(76, '', 'edwin', '2013-01-15 16:01:53', 'jurisdiction', '', '', '', '', '', NULL, NULL, NULL, NULL, NULL, NULL, NULL, NULL, 1, '2013-01-15 16:01:53', '127.0.0.1', 'confirmacion', NULL),
(77, '', 'edwin', '2013-01-15 16:01:55', 'jurisdiction', '', '', '', '', '', NULL, NULL, NULL, NULL, NULL, NULL, NULL, NULL, 1, '2013-01-15 16:01:55', '127.0.0.1', 'confirmacion', NULL),
(78, '', 'edwin', '2013-01-15 16:02:07', 'jurisdiction', '', '', '', '', '', NULL, NULL, NULL, NULL, NULL, NULL, NULL, NULL, 1, '2013-01-15 16:02:07', '127.0.0.1', 'confirmacion', NULL),
(79, '', 'edwin', '2013-01-15 16:02:38', 'jurisdiction', '', '', '', '', '', NULL, NULL, NULL, NULL, NULL, NULL, NULL, NULL, 1, '2013-01-15 16:02:38', '127.0.0.1', 'confirmacion', NULL),
(80, '', 'edwin', '2013-01-15 16:02:48', 'jurisdiction', '', '', '', '', '', NULL, NULL, NULL, NULL, NULL, NULL, NULL, NULL, 1, '2013-01-15 16:02:48', '127.0.0.1', 'confirmacion', NULL),
(81, '', 'edwin', '2013-01-15 16:03:52', 'jurisdiction', '', '', '', '', '', NULL, NULL, NULL, NULL, NULL, NULL, NULL, NULL, 1, '2013-01-15 16:03:52', '127.0.0.1', 'confirmacion', NULL),
(82, '', 'edwin', '2013-01-15 16:04:41', 'jurisdiction', '', '', '', '', '', NULL, NULL, NULL, NULL, NULL, NULL, NULL, NULL, 1, '2013-01-15 16:04:41', '127.0.0.1', 'confirmacion', NULL),
(83, '', 'edwin', '2013-01-15 16:05:42', 'jurisdiction', '', '', '', '', '', NULL, NULL, NULL, NULL, NULL, NULL, NULL, NULL, 1, '2013-01-15 16:05:42', '127.0.0.1', 'confirmacion', NULL),
(84, '', 'edwin', '2013-01-15 16:05:55', 'jurisdiction', '', '', '', '', '', NULL, NULL, NULL, NULL, NULL, NULL, NULL, NULL, 1, '2013-01-15 16:05:55', '127.0.0.1', 'confirmacion', NULL),
(85, '', 'edwin', '2013-01-15 16:08:03', 'jurisdiction', '', '', '', '', '', NULL, NULL, NULL, NULL, NULL, NULL, NULL, NULL, 1, '2013-01-15 16:08:03', '127.0.0.1', 'confirmacion', NULL),
(86, '', 'edwin', '2013-01-15 16:10:05', 'jurisdiction', '', '', '', '', '', NULL, NULL, NULL, NULL, NULL, NULL, NULL, NULL, 1, '2013-01-15 16:10:05', '127.0.0.1', 'confirmacion', NULL),
(87, '', 'edwin', '2013-01-15 16:10:24', 'jurisdiction', '', '', '', '', '', NULL, NULL, NULL, NULL, NULL, NULL, NULL, NULL, 1, '2013-01-15 16:10:24', '127.0.0.1', 'confirmacion', NULL),
(88, '', 'edwin', '2013-01-15 16:10:29', 'jurisdiction', '', '', '', '', '', NULL, NULL, NULL, NULL, NULL, NULL, NULL, NULL, 1, '2013-01-15 16:10:29', '127.0.0.1', 'confirmacion', NULL),
(89, '', 'edwin', '2013-01-15 16:10:54', 'jurisdiction', '', '', '', '', '', NULL, NULL, NULL, NULL, NULL, NULL, NULL, NULL, 1, '2013-01-15 16:10:54', '127.0.0.1', 'confirmacion', NULL),
(90, '', 'edwin', '2013-01-15 16:11:41', 'jurisdiction', '', '', '', '', '', NULL, NULL, NULL, NULL, NULL, NULL, NULL, NULL, 1, '2013-01-15 16:11:41', '127.0.0.1', 'confirmacion', NULL),
(91, '', 'edwin', '2013-01-15 16:13:01', 'jurisdiction', '', '', '', '', '', NULL, NULL, NULL, NULL, NULL, NULL, NULL, NULL, 1, '2013-01-15 16:13:01', '127.0.0.1', 'confirmacion', NULL),
(92, '', 'edwin', '2013-01-15 16:14:02', 'jurisdiction', '', '', '', '', '', NULL, NULL, NULL, NULL, NULL, NULL, NULL, NULL, 1, '2013-01-15 16:14:02', '127.0.0.1', 'confirmacion', NULL),
(93, '', 'edwin', '2013-01-15 16:38:13', 'jurisdiction', '', '', '', '', '', NULL, NULL, NULL, NULL, NULL, NULL, NULL, NULL, 1, '2013-01-15 16:38:13', '127.0.0.1', 'confirmacion', NULL),
(94, '', 'edwin', '2013-01-15 16:42:12', 'jurisdiction', '', '', '', '', '', NULL, NULL, NULL, NULL, NULL, NULL, NULL, NULL, 1, '2013-01-15 16:42:12', '127.0.0.1', 'confirmacion', NULL),
(95, '', 'edwin', '2013-01-15 16:44:08', 'jurisdiction', '', '', '', '', '', NULL, NULL, NULL, NULL, NULL, NULL, NULL, NULL, 1, '2013-01-15 16:44:08', '127.0.0.1', 'confirmacion', NULL),
(96, '1', 'zxcxc', '1963-07-31 00:00:00', 'Afghanistan', '', '', '', '', '', '', '', '', '', '', '', '', '', 1, '', '127.0.0.1', 'confirmacion', NULL),
(97, '1', 'zxcxc', '1963-07-31 00:00:00', 'Afghanistan', '', '', '', '', '', '', '', '', '', '', '', '', '', 1, '', '127.0.0.1', 'confirmacion', NULL),
(98, '1', 'dfgdfg', '1963-01-01 00:00:00', 'Afghanistan', '', '', '', '', '', '', '', '', '', '', '', '', '', 1, '', '127.0.0.1', 'confirmacion', NULL),
(99, '1', 'dfgdfg', '1963-01-01 00:00:00', 'Afghanistan', '', '', '', '', '', '', '', '', '', '', '', '', '', 1, '', '127.0.0.1', 'confirmacion', NULL),
(100, '1', 'sdfsdfsdf', '1963-01-01 00:00:00', 'Afghanistan', '', '', '', '', '', '', '', '', '', '', '', '', '', 1, '', '127.0.0.1', 'confirmacion', NULL),
(101, '1', 'sdfsdfsdf', '1963-01-01 00:00:00', 'Afghanistan', '', '', '', '', '', '', '', '', '', '', '', '', '', 1, '', '127.0.0.1', 'confirmacion', NULL),
(102, '1', 'sdfsdfsdf', '1963-01-01 00:00:00', 'Afghanistan', '', '', '', '', '', '', '', '', '', '', '', '', '', 1, '', '127.0.0.1', 'confirmacion', NULL),
(103, '1', 'sdfsdfsdf', '1963-01-01 00:00:00', 'Afghanistan', '', '', '', '', '', '', '', '', '', '', '', '', '', 1, '', '127.0.0.1', 'confirmacion', NULL),
(104, '1', 'sdfsdfsdf', '1963-01-01 00:00:00', 'Afghanistan', '', '', '', '', '', '', '', '', '', '', '', '', '', 1, '', '127.0.0.1', 'confirmacion', NULL),
(105, '1', 'sdfsdfsdf', '1963-01-01 00:00:00', 'Afghanistan', '', '', '', '', '', '', '', '', '', '', '', '', '', 1, '', '127.0.0.1', 'confirmacion', NULL),
(106, '1', 'dfgdfg', '1963-01-01 00:00:00', 'Afghanistan', '', '', '', '', '', '', '', '', '', '', '', '', '', 1, '', '127.0.0.1', 'confirmacion', NULL),
(107, '1', 'sdfsdf', '1963-01-01 00:00:00', 'Afghanistan', '', '', '', '', '', '', '', '', '', '', '', '', '', 1, '', '127.0.0.1', 'confirmacion', NULL),
(108, '1', 'sdfsdf', '1963-01-01 00:00:00', 'Afghanistan', '', '', '', '', '', '', '', '', '', '', '', '', '', 1, '', '127.0.0.1', 'confirmacion', NULL),
(109, '1', 'sdfsdf', '1963-01-01 00:00:00', 'Afghanistan', '', '', '', '', '', '', '', '', '', '', '', '', '', 1, '', '127.0.0.1', 'confirmacion', NULL),
(110, '1', 'sdfsdf', '1963-01-01 00:00:00', 'Afghanistan', '', '', '', '', '', '', '', '', '', '', '', '', '', 1, '', '127.0.0.1', 'confirmacion', NULL),
(111, '1', 'fghfghfgh', '1963-01-01 00:00:00', 'Afghanistan', '', '', '', '', '', '', '', '', '', '', '', '', '', 1, '', '127.0.0.1', 'confirmacion', NULL),
(112, '1', 'fghfghfgh', '1963-01-01 00:00:00', 'Afghanistan', '', '', '', '', '', '', '', '', '', '', '', '', '', 1, '', '127.0.0.1', 'confirmacion', NULL),
(113, '1', 'fghfghfgh', '1963-01-01 00:00:00', 'Afghanistan', '', '', '', '', '', '', '', '', '', '', '', '', '', 1, '', '127.0.0.1', 'confirmacion', NULL),
(114, '1', 'fghfghfgh', '1963-01-01 00:00:00', 'Afghanistan', '', '', '', '', '', '', '', '', '', '', '', '', '', 1, '', '127.0.0.1', 'confirmacion', NULL),
(115, '1', 'fghfghfgh', '1963-01-01 00:00:00', 'Afghanistan', '', '', '', '', '', '', '', '', '', '', '', '', '', 1, '', '127.0.0.1', 'confirmacion', NULL),
(116, '1', 'fghfghfgh', '1963-01-01 00:00:00', 'Afghanistan', '', '', '', '', '', '', '', '', '', '', '', '', '', 1, '', '127.0.0.1', 'confirmacion', NULL),
(117, '1', 'fghfghfgh', '1963-01-01 00:00:00', 'Afghanistan', '', '', '', '', '', '', '', '', '', '', '', '', '', 1, '', '127.0.0.1', 'confirmacion', NULL),
(118, '1', 'fghfghfgh', '1963-01-01 00:00:00', 'Afghanistan', '', '', '', '', '', '', '', '', '', '', '', '', '', 1, '', '127.0.0.1', 'confirmacion', NULL),
(119, '1', 'fghfghfgh', '1963-01-01 00:00:00', 'Afghanistan', '', '', '', '', '', '', '', '', '', '', '', '', '', 1, '', '127.0.0.1', 'confirmacion', NULL),
(120, '1', 'xcvxcvxcv', '1963-01-01 00:00:00', 'Afghanistan', '', '', '', '', '', '', '', '', '', '', '', '', '', 1, '', '127.0.0.1', 'confirmacion', NULL),
(121, '1', 'sdfsdf', '1963-01-01 00:00:00', 'Afghanistan', '', '', '', '', '', '', '', '', '', '', '', '', '', 1, '', '127.0.0.1', 'confirmacion', NULL),
(122, '1', 'dfgdfgdfg', '1963-01-01 00:00:00', 'Afghanistan', '', '', '', '', '', '', '', '', '', '', '', '', '', 1, '', '127.0.0.1', 'confirmacion', NULL),
(123, '1', 'dfgdfgdfg', '1963-01-01 00:00:00', 'Afghanistan', '', '', '', '', '', '', '', '', '', '', '', '', '', 1, '', '127.0.0.1', 'confirmacion', NULL),
(124, '1', 'dfgdfgdfg', '1963-01-01 00:00:00', 'Afghanistan', '', '', '', '', '', '', '', '', '', '', '', '', '', 1, '', '127.0.0.1', 'confirmacion', NULL),
(125, '1', 'dfgdfgdfg', '1963-01-01 00:00:00', 'Afghanistan', '', '', '', '', '', '', '', '', '', '', '', '', '', 1, '', '127.0.0.1', 'confirmacion', NULL),
(126, '1', 'dfgdfgdfg', '1963-01-01 00:00:00', 'Afghanistan', '', '', '', '', '', '', '', '', '', '', '', '', '', 1, '', '127.0.0.1', 'confirmacion', NULL),
(127, '1', 'dfgdfgdfg', '1963-01-01 00:00:00', 'Afghanistan', '', '', '', '', '', '', '', '', '', '', '', '', '', 1, '', '127.0.0.1', 'confirmacion', NULL),
(128, '1', 'asdasdas', '1963-01-01 00:00:00', 'Afghanistan', '', '', '', '', '', '', '', '', '', '', '', '', '', 1, '', '127.0.0.1', 'confirmacion', NULL),
(129, '1', 'asdasdasd', '1963-01-01 00:00:00', 'Afghanistan', '', '', '', '', '', '', '', '', '', '', '', '', '', 1, '', '127.0.0.1', 'confirmacion', NULL),
(130, '1', 'asdasdad', '1963-01-01 00:00:00', 'Afghanistan', '', '', '', '', '', '', '', '', '', '', '', '', '', 1, '', '127.0.0.1', 'confirmacion', NULL),
(131, '1', 'asdasdas', '1963-01-01 00:00:00', 'Afghanistan', '', '', '', '', '', '', '', '', '', '', '', '', '', 1, '', '127.0.0.1', 'confirmacion', NULL),
(132, '1', 'asdasdasd', '1963-01-01 00:00:00', 'Afghanistan', '', '', '', '', '', '', '', '', '', '', '', '', '', 1, '', '127.0.0.1', 'confirmacion', NULL),
(133, '1', 'sdfsdf', '1963-01-01 00:00:00', 'Afghanistan', '', '', '', '', '', '', '', '', '', '', '', '', '', 1, '', '127.0.0.1', 'confirmacion', NULL),
(134, '1', 'asdasd', '1963-01-01 00:00:00', 'Afghanistan', '', '', '', '', '', '', '', '', '', '', '', '', '', 1, '', '127.0.0.1', 'confirmacion', NULL),
(135, '1', 'sdfsdfsdf', '1963-01-01 00:00:00', 'Afghanistan', '', '', '', '', '', '', '', '', '', '', '', '', '', 1, '', '127.0.0.1', 'confirmacion', NULL),
(136, '1', 'sdfsdfsdf', '1963-01-01 00:00:00', 'Afghanistan', '', '', '', '', '', '', '', '', '', '', '', '', '', 1, '', '127.0.0.1', 'confirmacion', NULL),
(137, '1', 'sdfsdfsdf', '1963-01-01 00:00:00', 'Afghanistan', '', '', '', '', '', '', '', '', '', '', '', '', '', 1, '', '127.0.0.1', 'confirmacion', NULL),
(138, '1', 'dfgdfgdfg', '1963-01-01 00:00:00', 'Afghanistan', '', '', '', '', '', '', '', '', '', '', '', '', '', 1, '', '127.0.0.1', 'confirmacion', NULL),
(139, '1', 'sdfsdfsdf', '1963-01-01 00:00:00', 'Afghanistan', '', '', '', '', '', '', '', '', '', '', '', '', '', 1, '', '127.0.0.1', 'confirmacion', NULL),
(140, '1', 'sdfsdfsdf', '1963-01-01 00:00:00', 'Afghanistan', '', '', '', '', '', '', '', '', '', '', '', '', '', 1, '', '127.0.0.1', 'confirmacion', NULL),
(141, '1', 'asdasd', '1963-01-01 00:00:00', 'Afghanistan', '', '', '', '', '', '', '', '', '', '', '', '', '', 1, '', '127.0.0.1', 'confirmacion', NULL),
(142, '1', 'sdfsdfs', '1963-01-01 00:00:00', 'Afghanistan', '', '', '', '', '', '', '', '', '', '', '', '', '', 1, '', '127.0.0.1', 'confirmacion', NULL),
(143, '1', 'dfgdfgdg', '1963-01-01 00:00:00', 'Afghanistan', '', '', '', '', '', '', '', '', '', '', '', '', '', 1, '', '127.0.0.1', 'confirmacion', NULL),
(144, '1', 'sdfsdfsdf', '1963-01-01 00:00:00', 'Afghanistan', '', '', '', '', '', '', '', '', '', '', '', '', '', 1, '', '127.0.0.1', 'confirmacion', NULL),
(145, '1', 'fsdfsdfsdf', '1963-01-01 00:00:00', 'Afghanistan', '', '', '', '', '', '', '', '', '', '', '', '', '', 1, '', '127.0.0.1', 'confirmacion', NULL),
(146, '1', 'sdfsdfsdf', '1963-01-01 00:00:00', 'Afghanistan', '', '', '', '', '', '', '', '', '', '', '', '', '', 1, '', '127.0.0.1', 'confirmacion', NULL),
(147, '1', 'eugenio', '1963-01-01 00:00:00', 'Afghanistan', '', '', '', '', '', '', '', '', '', '', '', '', '', 1, '', '127.0.0.1', 'confirmacion', NULL),
(148, '1', 'Edwin', '1963-01-01 00:00:00', 'Afghanistan', '', '', '', '', '', '', '', '', '', '', '', '', '', 1, '', '127.0.0.1', 'confirmacion', NULL),
(149, '1', 'Jorge', '1963-01-01 00:00:00', 'Afghanistan', '', '', '', '', '', '', '', '', '', '', '', '', '', 1, '', '127.0.0.1', 'confirmacion', NULL),
(150, '1', 'asdasdasd', '1963-01-01 00:00:00', 'Afghanistan', '', '', '', '', '', '', '', '', '', '', '', '', '', 1, '', '127.0.0.1', 'confirmacion', NULL),
(151, '1', 'Maria', '1963-01-01 00:00:00', 'Afghanistan', '', '', '', '', '', '', '', '', '', '', '', '', '', 1, '', '127.0.0.1', 'confirmacion', NULL),
(152, '1', 'xcvxcvxvc', '1963-01-01 00:00:00', 'Afghanistan', '', '', '', '', '', '', '', '', '', '', '', '', '', 1, '', '127.0.0.1', 'confirmacion', NULL),
(153, '1', 'xcvxcvxcv', '1963-01-01 00:00:00', 'Afghanistan', '', '', '', '', '', '', '', '', '', '', '', '', '', 1, '', '127.0.0.1', 'confirmacion', NULL),
(154, '1', 'cvbcvb', '1963-01-01 00:00:00', 'Afghanistan', '', '', '', '', '', '', '', '', '', '', '', '', '', 1, '', '127.0.0.1', 'confirmacion', NULL),
(155, '1', 'dfgdfgdg', '1963-01-01 00:00:00', 'Afghanistan', '', '', '', '', '', '', '', '', '', '', '', '', '', 1, '', '127.0.0.1', 'confirmacion', NULL),
(156, '1', 'bdfgdfg', '1963-01-01 00:00:00', 'Afghanistan', '', '', '', '', '', '', '', '', '', '', '', '', '', 1, '', '127.0.0.1', 'confirmacion', NULL),
(157, '1', 'dfgdfgdfgdfg', '1963-01-01 00:00:00', 'Afghanistan', '', '', '', '', '', '', '', '', '', '', '', '', '', 1, '', '127.0.0.1', 'confirmacion', NULL),
(158, '1', 'sdfsdfsdf', '1963-01-01 00:00:00', 'Afghanistan', '', '', '', '', '', '', '', '', '', '', '', '', '', 1, '', '127.0.0.1', 'confirmacion', NULL),
(159, '1', 'sdfsdfsdf', '1963-01-01 00:00:00', 'Afghanistan', '', '', '', '', '', '', '', '', '', '', '', '', '', 1, '', '127.0.0.1', 'confirmacion', NULL),
(160, '1', 'sdfsdfsdf', '1963-01-01 00:00:00', 'Afghanistan', '', '', '', '', '', '', '', '', '', '', '', '', '', 1, '', '127.0.0.1', 'confirmacion', NULL),
(161, '1', 'dfgdfgdfg', '1963-01-01 00:00:00', 'Afghanistan', '', '', '', '', '', '', '', '', '', '', '', '', '', 1, '', '127.0.0.1', 'confirmacion', NULL),
(162, '1', 'dfgdfgdfg', '1963-01-01 00:00:00', 'Afghanistan', '', '', '', '', '', '', '', '', '', '', '', '', '', 1, '', '127.0.0.1', 'confirmacion', NULL),
(163, '1', 'vbnvbn', '1963-01-01 00:00:00', 'Afghanistan', '', '', '', '', '', '', '', '', '', '', '', '', '', 1, '', '127.0.0.1', 'confirmacion', NULL),
(164, '1', 'sdfsdfsdf', '1963-01-01 00:00:00', 'Afghanistan', '', '', '', '', '', '', '', '', '', '', '', '', '', 1, '', '127.0.0.1', 'confirmacion', NULL),
(165, '1', 'sdfsdfsdf', '1963-01-01 00:00:00', 'Afghanistan', '', '', '', '', '', '', '', '', '', '', '', '', '', 1, '', '127.0.0.1', 'confirmacion', NULL),
(166, '1', 'sdfsdfsdf', '1963-01-01 00:00:00', 'Afghanistan', '', '', '', '', '', '', '', '', '', '', '', '', '', 1, '', '127.0.0.1', 'confirmacion', NULL),
(167, '1', 'dfgdfgdg', '1963-01-01 00:00:00', 'Afghanistan', '', '', '', '', '', '', '', '', '', '', '', '', '', 1, '', '127.0.0.1', 'confirmacion', NULL),
(168, '1', 'dfgdfgdg', '1963-01-01 00:00:00', 'Afghanistan', '', '', '', '', '', '', '', '', '', '', '', '', '', 1, '', '127.0.0.1', 'confirmacion', NULL),
(169, '1', 'dfgdfgdg', '1963-01-01 00:00:00', 'Afghanistan', '', '', '', '', '', '', '', '', '', '', '', '', '', 1, '', '127.0.0.1', 'confirmacion', NULL),
(170, '1', 'sdfsdf', '1963-01-01 00:00:00', 'Afghanistan', '', '', '', '', '', '', '', '', '', '', '', '', '', 1, '', '127.0.0.1', 'confirmacion', NULL),
(171, '1', 'sdfsdf', '1963-01-01 00:00:00', 'Afghanistan', '', '', '', '', '', '', '', '', '', '', '', '', '', 1, '', '127.0.0.1', 'confirmacion', NULL),
(172, '1', 'sdfsdf', '1963-01-01 00:00:00', 'Afghanistan', '', '', '', '', '', '', '', '', '', '', '', '', '', 1, '', '127.0.0.1', 'confirmacion', NULL),
(173, '1', 'sdfsdf', '1963-01-01 00:00:00', 'Afghanistan', '', '', '', '', '', '', '', '', '', '', '', '', '', 1, '', '127.0.0.1', 'confirmacion', NULL),
(174, '1', 'sdfsdf', '1963-01-01 00:00:00', 'Afghanistan', '', '', '', '', '', '', '', '', '', '', '', '', '', 1, '', '127.0.0.1', 'confirmacion', NULL),
(175, '1', 'sdfsdfsdf', '1963-01-01 00:00:00', 'Afghanistan', '', '', '', '', '', '', '', '', '', '', '', '', '', 1, '', '127.0.0.1', 'confirmacion', NULL),
(176, '1', 'sdfsdfsdf', '1963-01-01 00:00:00', 'Afghanistan', '', '', '', '', '', '', '', '', '', '', '', '', '', 1, '', '127.0.0.1', 'confirmacion', NULL),
(177, '1', 'sdfsdfsdf', '1963-01-01 00:00:00', 'Afghanistan', '', '', '', '', '', '', '', '', '', '', '', '', '', 1, '', '127.0.0.1', 'confirmacion', NULL),
(178, '1', 'sdfsdfsdf', '1963-01-01 00:00:00', 'Afghanistan', '', '', '', '', '', '', '', '', '', '', '', '', '', 1, '', '127.0.0.1', 'confirmacion', NULL),
(179, '1', 'sdfsdfsdf', '1963-01-01 00:00:00', 'Afghanistan', '', '', '', '', '', '', '', '', '', '', '', '', '', 1, '', '127.0.0.1', 'confirmacion', NULL),
(180, '1', 'sdfsdfsdf', '1963-01-01 00:00:00', 'Afghanistan', '', '', '', '', '', '', '', '', '', '', '', '', '', 1, '', '127.0.0.1', 'confirmacion', NULL),
(181, '1', 'sdfsdfsdf', '1963-01-01 00:00:00', 'Afghanistan', '', '', '', '', '', '', '', '', '', '', '', '', '', 1, '', '127.0.0.1', 'confirmacion', NULL),
(182, '1', 'sdfsdfsdf', '1963-01-01 00:00:00', 'Afghanistan', '', '', '', '', '', '', '', '', '', '', '', '', '', 1, '', '127.0.0.1', 'confirmacion', NULL),
(183, '1', 'sdfsdfsdf', '1963-01-01 00:00:00', 'Afghanistan', '', '', '', '', '', '', '', '', '', '', '', '', '', 1, '', '127.0.0.1', 'confirmacion', NULL),
(184, '1', 'sdfsdfsdf', '1963-01-01 00:00:00', 'Afghanistan', '', '', '', '', '', '', '', '', '', '', '', '', '', 1, '', '127.0.0.1', 'confirmacion', NULL),
(185, '1', 'sdfsdfsdf', '1963-01-01 00:00:00', 'Afghanistan', '', '', '', '', '', '', '', '', '', '', '', '', '', 1, '', '127.0.0.1', 'confirmacion', NULL),
(186, '1', 'dasdasd', '1963-01-01 00:00:00', 'Afghanistan', '', '', '', '', '', '', '', '', '', '', '', '', '', 1, '', '127.0.0.1', 'confirmacion', NULL),
(187, '1', 'asdasdasd', '1963-01-01 00:00:00', 'Afghanistan', '', '', '', '', '', '', '', '', '', '', '', '', '', 1, '', '127.0.0.1', 'confirmacion', NULL),
(188, '1', 'sdfsdfs', '1963-01-01 00:00:00', 'Afghanistan', '', '', '', '', '', '', '', '', '', '', '', '', '', 1, '', '127.0.0.1', 'confirmacion', NULL),
(189, '1', 'sdfsdfs', '1963-01-01 00:00:00', 'Afghanistan', '', '', '', '', '', '', '', '', '', '', '', '', '', 1, '', '127.0.0.1', 'confirmacion', NULL),
(190, '1', 'sdfsdfs', '1963-01-01 00:00:00', 'Afghanistan', '', '', '', '', '', '', '', '', '', '', '', '', '', 1, '', '127.0.0.1', 'confirmacion', NULL),
(191, '1', 'sdfsdfs', '1963-01-01 00:00:00', 'Afghanistan', '', '', '', '', '', '', '', '', '', '', '', '', '', 1, '', '127.0.0.1', 'confirmacion', NULL),
(192, '1', 'sdfsdfs', '1963-01-01 00:00:00', 'Afghanistan', '', '', '', '', '', '', '', '', '', '', '', '', '', 1, '', '127.0.0.1', 'confirmacion', NULL),
(193, '1', 'sdfsdfs', '1963-01-01 00:00:00', 'Afghanistan', '', '', '', '', '', '', '', '', '', '', '', '', '', 1, '', '127.0.0.1', 'confirmacion', NULL),
(194, '1', 'sdfsdfs', '1963-01-01 00:00:00', 'Afghanistan', '', '', '', '', '', '', '', '', '', '', '', '', '', 1, '', '127.0.0.1', 'confirmacion', NULL),
(195, '1', 'sdfsdfs', '1963-01-01 00:00:00', 'Afghanistan', '', '', '', '', '', '', '', '', '', '', '', '', '', 1, '', '127.0.0.1', 'confirmacion', NULL),
(196, '1', 'sdfsdfs', '1963-01-01 00:00:00', 'Afghanistan', '', '', '', '', '', '', '', '', '', '', '', '', '', 1, '', '127.0.0.1', 'confirmacion', NULL),
(197, '1', 'sdfsdfs', '1963-01-01 00:00:00', 'Afghanistan', '', '', '', '', '', '', '', '', '', '', '', '', '', 1, '', '127.0.0.1', 'confirmacion', NULL),
(198, '1', 'sdfsdfs', '1963-01-01 00:00:00', 'Afghanistan', '', '', '', '', '', '', '', '', '', '', '', '', '', 1, '', '127.0.0.1', 'confirmacion', NULL),
(199, '1', 'sdfsdfs', '1963-01-01 00:00:00', 'Afghanistan', '', '', '', '', '', '', '', '', '', '', '', '', '', 1, '', '127.0.0.1', 'confirmacion', NULL),
(200, '1', 'dfgdfg', '1963-01-01 00:00:00', 'Afghanistan', '', '', '', '', '', '', '', '', '', '', '', '', '', 1, '', '127.0.0.1', 'confirmacion', NULL),
(201, '1', 'dfgdfg', '1963-01-01 00:00:00', 'Afghanistan', '', '', '', '', '', '', '', '', '', '', '', '', '', 1, '', '127.0.0.1', 'confirmacion', NULL),
(202, '1', 'dfgdfg', '1963-01-01 00:00:00', 'Afghanistan', '', '', '', '', '', '', '', '', '', '', '', '', '', 1, '', '127.0.0.1', 'confirmacion', NULL),
(203, '1', 'dfgdfg', '1963-01-01 00:00:00', 'Afghanistan', '', '', '', '', '', '', '', '', '', '', '', '', '', 1, '', '127.0.0.1', 'confirmacion', NULL),
(204, '1', 'dfgdfg', '1963-01-01 00:00:00', 'Afghanistan', '', '', '', '', '', '', '', '', '', '', '', '', '', 1, '', '127.0.0.1', 'confirmacion', NULL),
(205, '1', '445645', '1963-01-01 00:00:00', 'Afghanistan', '', '', '', '', '', '', '', '', '', '', '', '', '', 1, '', '127.0.0.1', 'confirmacion', NULL),
(206, '1', '445645', '1963-01-01 00:00:00', 'Afghanistan', '', '', '', '', '', '', '', '', '', '', '', '', '', 1, '', '127.0.0.1', 'confirmacion', NULL),
(207, '1', '445645', '1963-01-01 00:00:00', 'Afghanistan', '', '', '', '', '', '', '', '', '', '', '', '', '', 1, '', '127.0.0.1', 'confirmacion', NULL),
(208, '1', '445645', '1963-01-01 00:00:00', 'Afghanistan', '', '', '', '', '', '', '', '', '', '', '', '', '', 1, '', '127.0.0.1', 'confirmacion', NULL),
(209, '1', '445645', '1963-01-01 00:00:00', 'Afghanistan', '', '', '', '', '', '', '', '', '', '', '', '', '', 1, '', '127.0.0.1', 'confirmacion', NULL),
(210, '1', '445645', '1963-01-01 00:00:00', 'Afghanistan', '', '', '', '', '', '', '', '', '', '', '', '', '', 1, '', '127.0.0.1', 'confirmacion', NULL),
(211, '1', '445645', '1963-01-01 00:00:00', 'Afghanistan', '', '', '', '', '', '', '', '', '', '', '', '', '', 1, '', '127.0.0.1', 'confirmacion', NULL),
(212, '1', '445645', '1963-01-01 00:00:00', 'Afghanistan', '', '', '', '', '', '', '', '', '', '', '', '', '', 1, '', '127.0.0.1', 'confirmacion', NULL),
(213, '1', '445645', '1963-01-01 00:00:00', 'Afghanistan', '', '', '', '', '', '', '', '', '', '', '', '', '', 1, '', '127.0.0.1', 'confirmacion', NULL),
(214, '1', '445645', '1963-01-01 00:00:00', 'Afghanistan', '', '', '', '', '', '', '', '', '', '', '', '', '', 1, '', '127.0.0.1', 'confirmacion', NULL),
(215, '1', '445645', '1963-01-01 00:00:00', 'Afghanistan', '', '', '', '', '', '', '', '', '', '', '', '', '', 1, '', '127.0.0.1', 'confirmacion', NULL),
(216, '1', '445645', '1963-01-01 00:00:00', 'Afghanistan', '', '', '', '', '', '', '', '', '', '', '', '', '', 1, '', '127.0.0.1', 'confirmacion', NULL),
(217, '1', '445645', '1963-01-01 00:00:00', 'Afghanistan', '', '', '', '', '', '', '', '', '', '', '', '', '', 1, '', '127.0.0.1', 'confirmacion', NULL),
(218, '1', '445645', '1963-01-01 00:00:00', 'Afghanistan', '', '', '', '', '', '', '', '', '', '', '', '', '', 1, '', '127.0.0.1', 'confirmacion', NULL),
(219, '1', '445645', '1963-01-01 00:00:00', 'Afghanistan', '', '', '', '', '', '', '', '', '', '', '', '', '', 1, '', '127.0.0.1', 'confirmacion', NULL),
(220, '1', '445645', '1963-01-01 00:00:00', 'Afghanistan', '', '', '', '', '', '', '', '', '', '', '', '', '', 1, '', '127.0.0.1', 'confirmacion', NULL),
(221, '1', '445645', '1963-01-01 00:00:00', 'Afghanistan', '', '', '', '', '', '', '', '', '', '', '', '', '', 1, '', '127.0.0.1', 'confirmacion', NULL),
(222, '1', 'asdasd', '1963-01-01 00:00:00', 'Afghanistan', '', '', '', '', '', '', '', '', '', '', '', '', '', 1, '', '127.0.0.1', 'confirmacion', NULL),
(223, '1', 'asdasd', '1963-01-01 00:00:00', 'Afghanistan', '', '', '', '', '', '', '', '', '', '', '', '', '', 1, '', '127.0.0.1', 'confirmacion', NULL),
(224, '1', 'asdasd', '1963-01-01 00:00:00', 'Afghanistan', '', '', '', '', '', '', '', '', '', '', '', '', '', 1, '', '127.0.0.1', 'confirmacion', NULL),
(225, '1', 'asdasd', '1963-01-01 00:00:00', 'Afghanistan', '', '', '', '', '', '', '', '', '', '', '', '', '', 1, '', '127.0.0.1', 'confirmacion', NULL),
(226, '1', 'asdasd', '1963-01-01 00:00:00', 'Afghanistan', '', '', '', '', '', '', '', '', '', '', '', '', '', 1, '', '127.0.0.1', 'confirmacion', NULL),
(227, '1', 'asdasd', '1963-01-01 00:00:00', 'Afghanistan', '', '', '', '', '', '', '', '', '', '', '', '', '', 1, '', '127.0.0.1', 'confirmacion', NULL),
(228, '1', 'asdasd', '1963-01-01 00:00:00', 'Afghanistan', '', '', '', '', '', '', '', '', '', '', '', '', '', 1, '', '127.0.0.1', 'confirmacion', NULL),
(229, '1', 'asdasd', '1963-01-01 00:00:00', 'Afghanistan', '', '', '', '', '', '', '', '', '', '', '', '', '', 1, '', '127.0.0.1', 'confirmacion', NULL),
(230, '1', 'zxcczxczxc', '1963-01-01 00:00:00', 'Afghanistan', '', '', '', '', '', '', '', '', '', '', '', '', '', 1, '', '127.0.0.1', 'confirmacion', NULL),
(231, '1', 'zxcczxczxc', '1963-01-01 00:00:00', 'Afghanistan', '', '', '', '', '', '', '', '', '', '', '', '', '', 1, '', '127.0.0.1', 'confirmacion', NULL),
(232, '1', 'qwertyuiop', '1963-01-01 00:00:00', 'Afghanistan', '', '', '', '', '', '', '', '', '', '', '', '', '', 1, '', '127.0.0.1', 'confirmacion', NULL),
(233, '1', 'sdfsdfsdf', '1963-01-01 00:00:00', 'Afghanistan', '', '', '', '', '', '', '', '', '', '', '', '', '', 1, '', '127.0.0.1', 'confirmacion', NULL),
(234, '1', 'asdasdasd', '1963-01-01 00:00:00', 'Afghanistan', '', '', '', '', '', '', '', '', '', '', '', '', '', 1, '', '127.0.0.1', 'confirmacion', NULL),
(235, '1', 'sdfsdfsfd', '1963-01-01 00:00:00', 'Afghanistan', '', '', '', '', '', '', '', '', '', '', '', '', '', 1, '', '127.0.0.1', 'confirmacion', NULL),
(236, '1', 'sdfsdfsfd', '1963-01-01 00:00:00', 'Afghanistan', '', '', '', '', '', '', '', '', '', '', '', '', '', 1, '', '127.0.0.1', 'confirmacion', NULL),
(237, '1', 'sdfsdfsfd', '1963-01-01 00:00:00', 'Afghanistan', '', '', '', '', '', '', '', '', '', '', '', '', '', 1, '', '127.0.0.1', 'confirmacion', NULL),
(238, '1', 'sdfsdfsfd', '1963-01-01 00:00:00', 'Afghanistan', '', '', '', '', '', '', '', '', '', '', '', '', '', 1, '', '127.0.0.1', 'confirmacion', NULL),
(239, '1', 'sdfsdfsfd', '1963-01-01 00:00:00', 'Afghanistan', '', '', '', '', '', '', '', '', '', '', '', '', '', 1, '', '127.0.0.1', 'confirmacion', NULL),
(240, '1', 'sdfsdfsfd', '1963-01-01 00:00:00', 'Afghanistan', '', '', '', '', '', '', '', '', '', '', '', '', '', 1, '', '127.0.0.1', 'confirmacion', NULL),
(241, '1', 'sdfsdfsfd', '1963-01-01 00:00:00', 'Afghanistan', '', '', '', '', '', '', '', '', '', '', '', '', '', 1, '', '127.0.0.1', 'confirmacion', NULL),
(242, '1', 'sdfsdfsfd', '1963-01-01 00:00:00', 'Afghanistan', '', '', '', '', '', '', '', '', '', '', '', '', '', 1, '', '127.0.0.1', 'confirmacion', NULL),
(243, '1', 'sdfsdfsfd', '1963-01-01 00:00:00', 'Afghanistan', '', '', '', '', '', '', '', '', '', '', '', '', '', 1, '', '127.0.0.1', 'confirmacion', NULL),
(244, '1', 'sdfsdfsfd', '1963-01-01 00:00:00', 'Afghanistan', '', '', '', '', '', '', '', '', '', '', '', '', '', 1, '', '127.0.0.1', 'confirmacion', NULL),
(245, '1', 'sdfsdfsfd', '1963-01-01 00:00:00', 'Afghanistan', '', '', '', '', '', '', '', '', '', '', '', '', '', 1, '', '127.0.0.1', 'confirmacion', NULL),
(246, '1', 'sdfsdfsfd', '1963-01-01 00:00:00', 'Afghanistan', '', '', '', '', '', '', '', '', '', '', '', '', '', 1, '', '127.0.0.1', 'confirmacion', NULL),
(247, '1', 'sdfsdfsfd', '1963-01-01 00:00:00', 'Afghanistan', '', '', '', '', '', '', '', '', '', '', '', '', '', 1, '', '127.0.0.1', 'confirmacion', NULL),
(248, '1', 'sdfsdfsfd', '1963-01-01 00:00:00', 'Afghanistan', '', '', '', '', '', '', '', '', '', '', '', '', '', 1, '', '127.0.0.1', 'confirmacion', NULL),
(249, '1', 'sdfsdfsfd', '1963-01-01 00:00:00', 'Afghanistan', '', '', '', '', '', '', '', '', '', '', '', '', '', 1, '', '127.0.0.1', 'confirmacion', NULL),
(250, '1', 'sdfsdfsfd', '1963-01-01 00:00:00', 'Afghanistan', '', '', '', '', '', '', '', '', '', '', '', '', '', 1, '', '127.0.0.1', 'confirmacion', NULL),
(251, '1', 'sdfsdfsfd', '1963-01-01 00:00:00', 'Afghanistan', '', '', '', '', '', '', '', '', '', '', '', '', '', 1, '', '127.0.0.1', 'confirmacion', NULL),
(252, '1', 'sdfsdfsfd', '1963-01-01 00:00:00', 'Afghanistan', '', '', '', '', '', '', '', '', '', '', '', '', '', 1, '', '127.0.0.1', 'confirmacion', NULL),
(253, '1', 'sdfsdfsfd', '1963-01-01 00:00:00', 'Afghanistan', '', '', '', '', '', '', '', '', '', '', '', '', '', 1, '', '127.0.0.1', 'confirmacion', NULL),
(254, '1', 'sdfsdfsfd', '1963-01-01 00:00:00', 'Afghanistan', '', '', '', '', '', '', '', '', '', '', '', '', '', 1, '', '127.0.0.1', 'confirmacion', NULL),
(255, '1', 'sdfsdfsfd', '1963-01-01 00:00:00', 'Afghanistan', '', '', '', '', '', '', '', '', '', '', '', '', '', 1, '', '127.0.0.1', 'confirmacion', NULL),
(256, '1', 'sdfsdfsfd', '1963-01-01 00:00:00', 'Afghanistan', '', '', '', '', '', '', '', '', '', '', '', '', '', 1, '', '127.0.0.1', 'confirmacion', NULL),
(257, '1', 'sdfsdfsfd', '1963-01-01 00:00:00', 'Afghanistan', '', '', '', '', '', '', '', '', '', '', '', '', '', 1, '', '127.0.0.1', 'confirmacion', NULL),
(258, '1', 'dfgdfgdfg', '1963-01-01 00:00:00', 'Afghanistan', '', '', '', '', '', '', '', '', '', '', '', '', '', 1, '', '127.0.0.1', 'confirmacion', NULL),
(259, '1', 'dfgdfgdfg', '1963-01-01 00:00:00', 'Afghanistan', '', '', '', '', '', '', '', '', '', '', '', '', '', 1, '', '127.0.0.1', 'confirmacion', NULL),
(260, '1', 'dfgdfgdfg', '1963-01-01 00:00:00', 'Afghanistan', '', '', '', '', '', '', '', '', '', '', '', '', '', 1, '', '127.0.0.1', 'confirmacion', NULL),
(261, '1', 'dfgdfgdfg', '1963-01-01 00:00:00', 'Afghanistan', '', '', '', '', '', '', '', '', '', '', '', '', '', 1, '', '127.0.0.1', 'confirmacion', NULL),
(262, '1', 'dfgdfgdfg', '1963-01-01 00:00:00', 'Afghanistan', '', '', '', '', '', '', '', '', '', '', '', '', '', 1, '', '127.0.0.1', 'confirmacion', NULL),
(263, '1', 'dfgdfgdfg', '1963-01-01 00:00:00', 'Afghanistan', '', '', '', '', '', '', '', '', '', '', '', '', '', 1, '', '127.0.0.1', 'confirmacion', NULL),
(264, '1', 'dfgdfgdfg', '1963-01-01 00:00:00', 'Afghanistan', '', '', '', '', '', '', '', '', '', '', '', '', '', 1, '', '127.0.0.1', 'confirmacion', NULL),
(265, '1', 'dfgdfgdfg', '1963-01-01 00:00:00', 'Afghanistan', '', '', '', '', '', '', '', '', '', '', '', '', '', 1, '', '127.0.0.1', 'confirmacion', NULL),
(266, '1', 'sdfsdfs', '1963-01-01 00:00:00', 'Afghanistan', '', '', '', '', '', '', '', '', '', '', '', '', '', 1, '', '127.0.0.1', 'confirmacion', NULL),
(267, '1', 'sdfsdfs', '1963-01-01 00:00:00', 'Afghanistan', '', '', '', '', '', '', '', '', '', '', '', '', '', 1, '', '127.0.0.1', 'confirmacion', NULL),
(268, '1', 'dfgdfgdfg', '1963-01-01 00:00:00', 'Afghanistan', '', '', '', '', '', '', '', '', '', '', '', '', '', 1, '', '127.0.0.1', 'confirmacion', NULL),
(269, '1', 'dfgdfgdfg', '1963-01-01 00:00:00', 'Afghanistan', '', '', '', '', '', '', '', '', '', '', '', '', '', 1, '', '127.0.0.1', 'confirmacion', NULL),
(270, '1', 'dfgdfgdfg', '1963-01-01 00:00:00', 'Afghanistan', '', '', '', '', '', '', '', '', '', '', '', '', '', 1, '', '127.0.0.1', 'confirmacion', NULL),
(271, '1', 'dfgdfgdfg', '1963-01-01 00:00:00', 'Afghanistan', '', '', '', '', '', '', '', '', '', '', '', '', '', 1, '', '127.0.0.1', 'confirmacion', NULL),
(272, '1', 'dfgdfgdfg', '1963-01-01 00:00:00', 'Afghanistan', '', '', '', '', '', '', '', '', '', '', '', '', '', 1, '', '127.0.0.1', 'confirmacion', NULL),
(273, '1', 'dfgdfgdfg', '1963-01-01 00:00:00', 'Afghanistan', '', '', '', '', '', '', '', '', '', '', '', '', '', 1, '', '127.0.0.1', 'confirmacion', NULL),
(274, '1', 'dfgdfgdfg', '1963-01-01 00:00:00', 'Afghanistan', '', '', '', '', '', '', '', '', '', '', '', '', '', 1, '', '127.0.0.1', 'confirmacion', NULL),
(275, '1', 'dfgdfgdfg', '1963-01-01 00:00:00', 'Afghanistan', '', '', '', '', '', '', '', '', '', '', '', '', '', 1, '', '127.0.0.1', 'confirmacion', NULL),
(276, '1', 'sdfsdfsdf', '1963-01-01 00:00:00', 'Afghanistan', '', '', '', '', '', '', '', '', '', '', '', '', '', 1, '', '127.0.0.1', 'confirmacion', NULL),
(277, '1', 'sdfsdfsdf', '1963-01-01 00:00:00', 'Afghanistan', '', '', '', '', '', '', '', '', '', '', '', '', '', 1, '', '127.0.0.1', 'confirmacion', NULL),
(278, '1', 'hjgjghjghj', '1963-01-01 00:00:00', 'Afghanistan', '', '', '', '', '', '', '', '', '', '', '', '', '', 1, '', '127.0.0.1', 'confirmacion', NULL),
(279, '1', 'sdfsdfsdfs', '1963-01-01 00:00:00', 'Afghanistan', '', '', '', '', '', '', '', '', '', '', '', '', '', 1, '', '127.0.0.1', 'confirmacion', NULL),
(280, '1', 'xcvxcvxcv', '1963-01-01 00:00:00', 'Afghanistan', '', '', '', '', '', '', '', '', '', '', '', '', '', 1, '', '127.0.0.1', 'confirmacion', NULL),
(281, '1', 'Lucas', '1963-01-01 00:00:00', 'Afghanistan', '', '', '', '', '', '', '', '', '', '', '', '', '', 1, '', '127.0.0.1', 'confirmacion', NULL),
(282, '1', 'sdfsdfsdf', '1963-01-01 00:00:00', 'Afghanistan', '', '', '', '', '', '', '', '', '', '', '', '', '', 1, '', '127.0.0.1', 'confirmacion', NULL),
(283, '1', 'adasdad', '1963-01-01 00:00:00', 'Afghanistan', '', '', '', '', '', '', '', '', '', '', '', '', '', 1, '', '127.0.0.1', 'confirmacion', NULL),
(284, '1', 'adasdad', '1963-01-01 00:00:00', 'Afghanistan', '', '', '', '', '', '', '', '', '', '', '', '', '', 1, '', '127.0.0.1', 'confirmacion', NULL),
(285, '1', 'asdasdasd', '1963-01-01 00:00:00', 'Afghanistan', '', '', '', '', '', '', '', '', '', '', '', '', '', 1, '', '127.0.0.1', 'confirmacion', NULL),
(286, '1', 'sdfsdf', '1963-01-01 00:00:00', 'Afghanistan', '', '', '', '', '', '', '', '', '', '', '', '', '', 1, '', '127.0.0.1', 'confirmacion', NULL),
(287, '1', 'asdasd', '1963-01-01 00:00:00', 'Afghanistan', '', '', '', '', '', '', '', '', '', '', '', '', '', 1, '', '127.0.0.1', 'confirmacion', NULL),
(288, '1', 'dfgdfgdg', '1963-01-01 00:00:00', 'Afghanistan', '', '', '', '', '', '', '', '', '', '', '', '', '', 1, '', '127.0.0.1', 'confirmacion', NULL),
(289, '1', 'dfgdfgdg', '1963-01-01 00:00:00', 'Afghanistan', '', '', '', '', '', '', '', '', '', '', '', '', '', 1, '', '127.0.0.1', 'confirmacion', NULL),
(290, '1', 'dfgdfgdg', '1963-01-01 00:00:00', 'Afghanistan', '', '', '', '', '', '', '', '', '', '', '', '', '', 1, '', '127.0.0.1', 'confirmacion', NULL),
(291, '1', 'dfgdfgdg', '1963-01-01 00:00:00', 'Afghanistan', '', '', '', '', '', '', '', '', '', '', '', '', '', 1, '', '127.0.0.1', 'confirmacion', NULL),
(292, '1', 'dfgdfgdg', '1963-01-01 00:00:00', 'Afghanistan', '', '', '', '', '', '', '', '', '', '', '', '', '', 1, '', '127.0.0.1', 'confirmacion', NULL),
(293, '1', 'dfgdfgdg', '1963-01-01 00:00:00', 'Afghanistan', '', '', '', '', '', '', '', '', '', '', '', '', '', 1, '', '127.0.0.1', 'confirmacion', NULL),
(294, '1', 'asdasd', '1963-01-01 00:00:00', 'Afghanistan', '', '', '', '', '', '', '', '', '', '', '', '', '', 1, '', '127.0.0.1', 'confirmacion', NULL),
(295, '1', 'asdasd', '1963-01-01 00:00:00', 'Afghanistan', '', '', '', '', '', '', '', '', '', '', '', '', '', 1, '', '127.0.0.1', 'confirmacion', NULL),
(296, '1', 'asdasd', '1963-01-01 00:00:00', 'Afghanistan', '', '', '', '', '', '', '', '', '', '', '', '', '', 1, '', '127.0.0.1', 'confirmacion', NULL),
(297, '1', 'asdasd', '1963-01-01 00:00:00', 'Afghanistan', '', '', '', '', '', '', '', '', '', '', '', '', '', 1, '', '127.0.0.1', 'confirmacion', NULL),
(298, '1', 'asdasd', '1963-01-01 00:00:00', 'Afghanistan', '', '', '', '', '', '', '', '', '', '', '', '', '', 1, '', '127.0.0.1', 'confirmacion', NULL),
(299, '1', 'asdasd', '1963-01-01 00:00:00', 'Afghanistan', '', '', '', '', '', '', '', '', '', '', '', '', '', 1, '', '127.0.0.1', 'confirmacion', NULL),
(300, '1', 'asdasd', '1963-01-01 00:00:00', 'Afghanistan', '', '', '', '', '', '', '', '', '', '', '', '', '', 1, '', '127.0.0.1', 'confirmacion', NULL),
(301, '1', 'asdasd', '1963-01-01 00:00:00', 'Afghanistan', '', '', '', '', '', '', '', '', '', '', '', '', '', 1, '', '127.0.0.1', 'confirmacion', NULL);
INSERT INTO `entity` (`id_entity`, `id_user`, `company_name`, `incorporation_date`, `jurisdiction`, `type_business`, `company_address`, `email`, `phone`, `fax`, `position_authorizations`, `name_position_authorizations`, `email_position_authorizations`, `phone_position_authorizations`, `position_super_administrator`, `name_super_administrator`, `phone_super_administrator`, `email_super_administrator`, `previous_entity`, `creation_date`, `ip_address`, `confirm`, `abbreviation_name`) VALUES
(302, '1', 'asdasd', '1963-01-01 00:00:00', 'Afghanistan', '', '', '', '', '', '', '', '', '', '', '', '', '', 1, '', '127.0.0.1', 'confirmacion', NULL),
(303, '1', 'asdasd', '1963-01-01 00:00:00', 'Afghanistan', '', '', '', '', '', '', '', '', '', '', '', '', '', 1, '', '127.0.0.1', 'confirmacion', NULL),
(304, '1', 'asdasd', '1963-01-01 00:00:00', 'Afghanistan', '', '', '', '', '', '', '', '', '', '', '', '', '', 1, '', '127.0.0.1', 'confirmacion', NULL),
(305, '1', 'asdasd', '1963-01-01 00:00:00', 'Afghanistan', '', '', '', '', '', '', '', '', '', '', '', '', '', 1, '', '127.0.0.1', 'confirmacion', NULL),
(306, '1', 'asdasd', '1963-01-01 00:00:00', 'Afghanistan', '', '', '', '', '', '', '', '', '', '', '', '', '', 1, '', '127.0.0.1', 'confirmacion', NULL),
(307, '1', 'asdasd', '1963-01-01 00:00:00', 'Afghanistan', '', '', '', '', '', '', '', '', '', '', '', '', '', 1, '', '127.0.0.1', 'confirmacion', NULL),
(308, '1', 'asdasd', '1963-01-01 00:00:00', 'Afghanistan', '', '', '', '', '', '', '', '', '', '', '', '', '', 1, '', '127.0.0.1', 'confirmacion', NULL),
(309, '1', 'asdasd', '1963-01-01 00:00:00', 'Afghanistan', '', '', '', '', '', '', '', '', '', '', '', '', '', 1, '', '127.0.0.1', 'confirmacion', NULL),
(310, '1', 'asdasd', '1963-01-01 00:00:00', 'Afghanistan', '', '', '', '', '', '', '', '', '', '', '', '', '', 1, '', '127.0.0.1', 'confirmacion', NULL),
(311, '1', 'asdasd', '1963-01-01 00:00:00', 'Afghanistan', '', '', '', '', '', '', '', '', '', '', '', '', '', 1, '', '127.0.0.1', 'confirmacion', NULL),
(312, '1', 'dfgdfg', '1963-01-01 00:00:00', 'Afghanistan', '', '', '', '', '', '', '', '', '', '', '', '', '', 1, '', '127.0.0.1', 'confirmacion', NULL),
(313, '1', 'dfgdfg', '1963-01-01 00:00:00', 'Afghanistan', '', '', '', '', '', '', '', '', '', '', '', '', '', 1, '', '127.0.0.1', 'confirmacion', NULL),
(314, '1', 'dfgdfg', '1963-01-01 00:00:00', 'Afghanistan', '', '', '', '', '', '', '', '', '', '', '', '', '', 1, '', '127.0.0.1', 'confirmacion', NULL),
(315, '1', 'dfgdfg', '1963-01-01 00:00:00', 'Afghanistan', '', '', '', '', '', '', '', '', '', '', '', '', '', 1, '', '127.0.0.1', 'confirmacion', NULL),
(316, '1', 'dfgdfg', '1963-01-01 00:00:00', 'Afghanistan', '', '', '', '', '', '', '', '', '', '', '', '', '', 1, '', '127.0.0.1', 'confirmacion', NULL),
(317, '1', 'dfgdfg', '1963-01-01 00:00:00', 'Afghanistan', '', '', '', '', '', '', '', '', '', '', '', '', '', 1, '', '127.0.0.1', 'confirmacion', NULL),
(318, '1', 'dfgdfg', '1963-01-01 00:00:00', 'Afghanistan', '', '', '', '', '', '', '', '', '', '', '', '', '', 1, '', '127.0.0.1', 'confirmacion', NULL),
(319, '1', 'dfgdfg', '1963-01-01 00:00:00', 'Afghanistan', '', '', '', '', '', '', '', '', '', '', '', '', '', 1, '', '127.0.0.1', 'confirmacion', NULL),
(320, '1', 'dfgdfg', '1963-01-01 00:00:00', 'Afghanistan', '', '', '', '', '', '', '', '', '', '', '', '', '', 1, '', '127.0.0.1', 'confirmacion', NULL),
(321, '1', 'dfgdfg', '1963-01-01 00:00:00', 'Afghanistan', '', '', '', '', '', '', '', '', '', '', '', '', '', 1, '', '127.0.0.1', 'confirmacion', NULL),
(322, '1', 'dfgdfg', '1963-01-01 00:00:00', 'Afghanistan', '', '', '', '', '', '', '', '', '', '', '', '', '', 1, '', '127.0.0.1', 'confirmacion', NULL),
(323, '1', 'dfgdfg', '1963-01-01 00:00:00', 'Afghanistan', '', '', '', '', '', '', '', '', '', '', '', '', '', 1, '', '127.0.0.1', 'confirmacion', NULL),
(324, '1', 'dfgdfg', '1963-01-01 00:00:00', 'Afghanistan', '', '', '', '', '', '', '', '', '', '', '', '', '', 1, '', '127.0.0.1', 'confirmacion', NULL),
(325, '1', 'dfgdfg', '1963-01-01 00:00:00', 'Afghanistan', '', '', '', '', '', '', '', '', '', '', '', '', '', 1, '', '127.0.0.1', 'confirmacion', NULL),
(326, '1', 'dfgdfg', '1963-01-01 00:00:00', 'Afghanistan', '', '', '', '', '', '', '', '', '', '', '', '', '', 1, '', '127.0.0.1', 'confirmacion', NULL),
(327, '1', 'dfgdfg', '1963-01-01 00:00:00', 'Afghanistan', '', '', '', '', '', '', '', '', '', '', '', '', '', 1, '', '127.0.0.1', 'confirmacion', NULL),
(328, '1', 'dfgdfg', '1963-01-01 00:00:00', 'Afghanistan', '', '', '', '', '', '', '', '', '', '', '', '', '', 1, '', '127.0.0.1', 'confirmacion', NULL),
(329, '1', 'dfgdfg', '1963-01-01 00:00:00', 'Afghanistan', '', '', '', '', '', '', '', '', '', '', '', '', '', 1, '', '127.0.0.1', 'confirmacion', NULL),
(330, '1', 'dfgdfg', '1963-01-01 00:00:00', 'Afghanistan', '', '', '', '', '', '', '', '', '', '', '', '', '', 1, '', '127.0.0.1', 'confirmacion', NULL),
(331, '1', 'dfgdfg', '1963-01-01 00:00:00', 'Afghanistan', '', '', '', '', '', '', '', '', '', '', '', '', '', 1, '', '127.0.0.1', 'confirmacion', NULL),
(332, '1', 'dfgdfg', '1963-01-01 00:00:00', 'Afghanistan', '', '', '', '', '', '', '', '', '', '', '', '', '', 1, '', '127.0.0.1', 'confirmacion', NULL),
(333, '1', 'dfgdfg', '1963-01-01 00:00:00', 'Afghanistan', '', '', '', '', '', '', '', '', '', '', '', '', '', 1, '', '127.0.0.1', 'confirmacion', NULL),
(334, '1', 'dfgdfg', '1963-01-01 00:00:00', 'Afghanistan', '', '', '', '', '', '', '', '', '', '', '', '', '', 1, '', '127.0.0.1', 'confirmacion', NULL),
(335, '1', 'dfgdfg', '1963-01-01 00:00:00', 'Afghanistan', '', '', '', '', '', '', '', '', '', '', '', '', '', 1, '', '127.0.0.1', 'confirmacion', NULL),
(336, '1', 'dfgdfg', '1963-01-01 00:00:00', 'Afghanistan', '', '', '', '', '', '', '', '', '', '', '', '', '', 1, '', '127.0.0.1', 'confirmacion', NULL),
(337, '1', 'dfgdfg', '1963-01-01 00:00:00', 'Afghanistan', '', '', '', '', '', '', '', '', '', '', '', '', '', 1, '', '127.0.0.1', 'confirmacion', NULL),
(338, '1', 'dfgdfg', '1963-01-01 00:00:00', 'Afghanistan', '', '', '', '', '', '', '', '', '', '', '', '', '', 1, '', '127.0.0.1', 'confirmacion', NULL),
(339, '1', 'dfgdfg', '1963-01-01 00:00:00', 'Afghanistan', '', '', '', '', '', '', '', '', '', '', '', '', '', 1, '', '127.0.0.1', 'confirmacion', NULL),
(340, '1', 'dfgdfg', '1963-01-01 00:00:00', 'Afghanistan', '', '', '', '', '', '', '', '', '', '', '', '', '', 1, '', '127.0.0.1', 'confirmacion', NULL),
(341, '1', 'asdasdasd', '1963-01-01 00:00:00', 'Afghanistan', '', '', '', '', '', '', '', '', '', '', '', '', '', 1, '', '127.0.0.1', 'confirmacion', NULL),
(342, '1', 'asdasd', '1963-01-01 00:00:00', 'Afghanistan', '', '', '', '', '', '', '', '', '', '', '', '', '', 1, '', '127.0.0.1', 'confirmacion', NULL),
(343, '1', 'asdasdasd', '1963-01-01 00:00:00', 'Afghanistan', '', '', '', '', '', '', '', '', '', '', '', '', '', 1, '', '127.0.0.1', 'confirmacion', NULL),
(344, '1', 'sdfsdf', '1963-01-01 00:00:00', 'Afghanistan', '', '', '', '', '', '', '', '', '', '', '', '', '', 1, '', '127.0.0.1', 'confirmacion', NULL),
(345, '1', 'sdfsdf', '1963-01-01 00:00:00', 'Afghanistan', '', '', '', '', '', '', '', '', '', '', '', '', '', 1, '', '127.0.0.1', 'confirmacion', NULL),
(346, '1', 'sdfsdf', '1963-01-01 00:00:00', 'Afghanistan', '', '', '', '', '', '', '', '', '', '', '', '', '', 1, '', '127.0.0.1', 'confirmacion', NULL),
(347, '1', 'sdfsdf', '1963-01-01 00:00:00', 'Afghanistan', '', '', '', '', '', '', '', '', '', '', '', '', '', 1, '', '127.0.0.1', 'confirmacion', NULL),
(348, '1', 'sdfsdf', '1963-01-01 00:00:00', 'Afghanistan', '', '', '', '', '', '', '', '', '', '', '', '', '', 1, '', '127.0.0.1', 'confirmacion', NULL),
(349, '1', 'sdfsdf', '1963-01-01 00:00:00', 'Afghanistan', '', '', '', '', '', '', '', '', '', '', '', '', '', 1, '', '127.0.0.1', 'confirmacion', NULL),
(350, '1', 'sdfsdf', '1963-01-01 00:00:00', 'Afghanistan', '', '', '', '', '', '', '', '', '', '', '', '', '', 1, '', '127.0.0.1', 'confirmacion', NULL),
(351, '1', 'sdfsdf', '1963-01-01 00:00:00', 'Afghanistan', '', '', '', '', '', '', '', '', '', '', '', '', '', 1, '', '127.0.0.1', 'confirmacion', NULL),
(352, '1', 'asdasdasdasd', '1963-01-01 00:00:00', 'Afghanistan', '', '', '', '', '', '', '', '', '', '', '', '', '', 1, '', '127.0.0.1', 'confirmacion', NULL),
(353, '1', 'asdasdasdasd', '1963-01-01 00:00:00', 'Afghanistan', '', '', '', '', '', '', '', '', '', '', '', '', '', 1, '', '127.0.0.1', 'confirmacion', NULL),
(354, '1', 'asdasdasdasd', '1963-01-01 00:00:00', 'Afghanistan', '', '', '', '', '', '', '', '', '', '', '', '', '', 1, '', '127.0.0.1', 'confirmacion', NULL),
(355, '1', 'asdasdasdasd', '1963-01-01 00:00:00', 'Afghanistan', '', '', '', '', '', '', '', '', '', '', '', '', '', 1, '', '127.0.0.1', 'confirmacion', NULL),
(356, '1', 'asdasdasdasd', '1963-01-01 00:00:00', 'Afghanistan', '', '', '', '', '', '', '', '', '', '', '', '', '', 1, '', '127.0.0.1', 'confirmacion', NULL),
(357, '1', 'asdasdasdasd', '1963-01-01 00:00:00', 'Afghanistan', '', '', '', '', '', '', '', '', '', '', '', '', '', 1, '', '127.0.0.1', 'confirmacion', NULL),
(358, '1', 'asdasdasdasd', '1963-01-01 00:00:00', 'Afghanistan', '', '', '', '', '', '', '', '', '', '', '', '', '', 1, '', '127.0.0.1', 'confirmacion', NULL),
(359, '1', 'asdasdasdasd', '1963-01-01 00:00:00', 'Afghanistan', '', '', '', '', '', '', '', '', '', '', '', '', '', 1, '', '127.0.0.1', 'confirmacion', NULL),
(360, '1', 'asdasdasdasd', '1963-01-01 00:00:00', 'Afghanistan', '', '', '', '', '', '', '', '', '', '', '', '', '', 1, '', '127.0.0.1', 'confirmacion', NULL),
(361, '1', 'asdasdasdasd', '1963-01-01 00:00:00', 'Afghanistan', '', '', '', '', '', '', '', '', '', '', '', '', '', 1, '', '127.0.0.1', 'confirmacion', NULL),
(362, '1', 'asdasdasdasd', '1963-01-01 00:00:00', 'Afghanistan', '', '', '', '', '', '', '', '', '', '', '', '', '', 1, '', '127.0.0.1', 'confirmacion', NULL),
(363, '1', 'asdasdasdasd', '1963-01-01 00:00:00', 'Afghanistan', '', '', '', '', '', '', '', '', '', '', '', '', '', 1, '', '127.0.0.1', 'confirmacion', NULL),
(364, '1', 'asdasdasdasd', '1963-01-01 00:00:00', 'Afghanistan', '', '', '', '', '', '', '', '', '', '', '', '', '', 1, '', '127.0.0.1', 'confirmacion', NULL),
(365, '1', 'asdasdasdasd', '1963-01-01 00:00:00', 'Afghanistan', '', '', '', '', '', '', '', '', '', '', '', '', '', 1, '', '127.0.0.1', 'confirmacion', NULL),
(366, '1', 'asdasdasdasd', '1963-01-01 00:00:00', 'Afghanistan', '', '', '', '', '', '', '', '', '', '', '', '', '', 1, '', '127.0.0.1', 'confirmacion', NULL),
(367, '1', 'asdasdasdasd', '1963-01-01 00:00:00', 'Afghanistan', '', '', '', '', '', '', '', '', '', '', '', '', '', 1, '', '127.0.0.1', 'confirmacion', NULL),
(368, '1', 'asdasdasdasd', '1963-01-01 00:00:00', 'Afghanistan', '', '', '', '', '', '', '', '', '', '', '', '', '', 1, '', '127.0.0.1', 'confirmacion', NULL),
(369, '1', 'asdasdasdasd', '1963-01-01 00:00:00', 'Afghanistan', '', '', '', '', '', '', '', '', '', '', '', '', '', 1, '', '127.0.0.1', 'confirmacion', NULL),
(370, '1', 'asdasdasdasd', '1963-01-01 00:00:00', 'Afghanistan', '', '', '', '', '', '', '', '', '', '', '', '', '', 1, '', '127.0.0.1', 'confirmacion', NULL),
(371, '1', 'asdasdasdasd', '1963-01-01 00:00:00', 'Afghanistan', '', '', '', '', '', '', '', '', '', '', '', '', '', 1, '', '127.0.0.1', 'confirmacion', NULL),
(372, '1', 'asdasdasdasd', '1963-01-01 00:00:00', 'Afghanistan', '', '', '', '', '', '', '', '', '', '', '', '', '', 1, '', '127.0.0.1', 'confirmacion', NULL),
(373, '1', 'asdasdasdasd', '1963-01-01 00:00:00', 'Afghanistan', '', '', '', '', '', '', '', '', '', '', '', '', '', 1, '', '127.0.0.1', 'confirmacion', NULL),
(374, '1', 'asdasdasdasd', '1963-01-01 00:00:00', 'Afghanistan', '', '', '', '', '', '', '', '', '', '', '', '', '', 1, '', '127.0.0.1', 'confirmacion', NULL),
(375, '1', 'asdasdasdasd', '1963-01-01 00:00:00', 'Afghanistan', '', '', '', '', '', '', '', '', '', '', '', '', '', 1, '', '127.0.0.1', 'confirmacion', NULL),
(376, '1', 'xcxc', '1963-01-01 00:00:00', 'Afghanistan', '', '', '', '', '', '', '', '', '', '', '', '', '', 1, '', '127.0.0.1', 'confirmacion', NULL),
(377, '1', 'xcxc', '1963-01-01 00:00:00', 'Afghanistan', '', '', '', '', '', '', '', '', '', '', '', '', '', 1, '', '127.0.0.1', 'confirmacion', NULL),
(378, '1', 'xcxc', '1963-01-01 00:00:00', 'Afghanistan', '', '', '', '', '', '', '', '', '', '', '', '', '', 1, '', '127.0.0.1', 'confirmacion', NULL),
(379, '1', 'xcxc', '1963-01-01 00:00:00', 'Afghanistan', '', '', '', '', '', '', '', '', '', '', '', '', '', 1, '', '127.0.0.1', 'confirmacion', NULL),
(380, '1', 'xcxc', '1963-01-01 00:00:00', 'Afghanistan', '', '', '', '', '', '', '', '', '', '', '', '', '', 1, '', '127.0.0.1', 'confirmacion', NULL),
(381, '1', 'xcxc', '1963-01-01 00:00:00', 'Afghanistan', '', '', '', '', '', '', '', '', '', '', '', '', '', 1, '', '127.0.0.1', 'confirmacion', NULL),
(382, '1', 'xcxc', '1963-01-01 00:00:00', 'Afghanistan', '', '', '', '', '', '', '', '', '', '', '', '', '', 1, '', '127.0.0.1', 'confirmacion', NULL),
(383, '1', 'xcxc', '1963-01-01 00:00:00', 'Afghanistan', '', '', '', '', '', '', '', '', '', '', '', '', '', 1, '', '127.0.0.1', 'confirmacion', NULL),
(384, '1', 'xcxc', '1963-01-01 00:00:00', 'Afghanistan', '', '', '', '', '', '', '', '', '', '', '', '', '', 1, '', '127.0.0.1', 'confirmacion', NULL),
(385, '1', 'xcxc', '1963-01-01 00:00:00', 'Afghanistan', '', '', '', '', '', '', '', '', '', '', '', '', '', 1, '', '127.0.0.1', 'confirmacion', NULL),
(386, '1', 'xcxc', '1963-01-01 00:00:00', 'Afghanistan', '', '', '', '', '', '', '', '', '', '', '', '', '', 1, '', '127.0.0.1', 'confirmacion', NULL),
(387, '1', 'xcxc', '1963-01-01 00:00:00', 'Afghanistan', '', '', '', '', '', '', '', '', '', '', '', '', '', 1, '', '127.0.0.1', 'confirmacion', NULL),
(388, '1', 'xcxc', '1963-01-01 00:00:00', 'Afghanistan', '', '', '', '', '', '', '', '', '', '', '', '', '', 1, '', '127.0.0.1', 'confirmacion', NULL),
(389, '1', 'xcxc', '1963-01-01 00:00:00', 'Afghanistan', '', '', '', '', '', '', '', '', '', '', '', '', '', 1, '', '127.0.0.1', 'confirmacion', NULL),
(390, '1', 'xcxc', '1963-01-01 00:00:00', 'Afghanistan', '', '', '', '', '', '', '', '', '', '', '', '', '', 1, '', '127.0.0.1', 'confirmacion', NULL),
(391, '1', 'xcxc', '1963-01-01 00:00:00', 'Afghanistan', '', '', '', '', '', '', '', '', '', '', '', '', '', 1, '', '127.0.0.1', 'confirmacion', NULL),
(392, '1', 'EdwinTor', '1963-01-01 00:00:00', 'Afghanistan', '', '', '', '', '', '', '', '', '', '', '', '', '', 1, '', '127.0.0.1', 'confirmacion', NULL),
(393, '1', 'asdsdfsdf', '1963-01-01 00:00:00', 'Afghanistan', '', '', '', '', '', '', '', '', '', '', '', '', '', 1, '', '127.0.0.1', 'confirmacion', NULL),
(394, '1', 'asdsdfsdf', '1963-01-01 00:00:00', 'Afghanistan', '', '', '', '', '', '', '', '', '', '', '', '', '', 1, '', '127.0.0.1', 'confirmacion', NULL),
(395, '1', 'asdasdasd', '1963-01-01 00:00:00', 'Afghanistan', '', '', '', '', '', '', '', '', '', '', '', '', '', 1, '', '127.0.0.1', 'confirmacion', NULL),
(396, '1', 'sdfsdfsdf', '1963-01-01 00:00:00', 'Afghanistan', '', '', '', '', '', '', '', '', '', '', '', '', '', 1, '', '127.0.0.1', 'confirmacion', NULL),
(397, '1', 'Eugenio', '1963-01-01 00:00:00', 'Afghanistan', '', '', '', '', '', '', '', '', '', '', '', '', '', 1, '', '127.0.0.1', 'confirmacion', NULL),
(398, '1', 'asdasd', '1963-01-01 00:00:00', 'Afghanistan', '', '', '', '', '', '', '', '', '', '', '', '', '', 1, '', '127.0.0.1', 'confirmacion', NULL),
(399, '1', 'qwertyuiop', '1963-01-01 00:00:00', 'Afghanistan', '', '', '', '', '', '', '', '', '', '', '', '', '', 1, '', '127.0.0.1', 'confirmacion', NULL),
(400, '1', 'asdasdasd', '1963-01-01 00:00:00', 'Afghanistan', '', '', '', '', '', '', '', '', '', '', '', '', '', 1, '', '127.0.0.1', 'confirmacion', NULL),
(401, '1', 'asdasdasd', '1963-01-01 00:00:00', 'Afghanistan', '', '', '', '', '', '', '', '', '', '', '', '', '', 1, '', '127.0.0.1', 'confirmacion', NULL),
(402, '1', 'qwertyu', '1963-01-01 00:00:00', 'Afghanistan', '', '', '', '', '', '', '', '', '', '', '', '', '', 1, '', '127.0.0.1', 'confirmacion', NULL),
(403, '1', 'asdasd', '1963-01-01 00:00:00', 'Afghanistan', '', '', '', '', '', '', '', '', '', '', '', '', '', 1, '', '127.0.0.1', 'confirmacion', NULL),
(404, '1', 'asdasd', '1963-01-01 00:00:00', 'Afghanistan', '', '', '', '', '', '', '', '', '', '', '', '', '', 1, '', '127.0.0.1', 'confirmacion', NULL),
(405, '1', 'sdasdasd', '1963-01-01 00:00:00', 'Afghanistan', '', '', '', '', '', '', '', '', '', '', '', '', '', 1, '', '127.0.0.1', 'confirmacion', NULL),
(406, '1', 'zxczxczxc', '1963-01-01 00:00:00', 'Afghanistan', '', '', '', '', '', '', '', '', '', '', '', '', '', 1, '', '127.0.0.1', 'confirmacion', NULL),
(407, '1', 'asdasd', '1963-01-01 00:00:00', 'Afghanistan', '', '', '', '', '', '', '', '', '', '', '', '', '', 1, '', '127.0.0.1', 'confirmacion', NULL),
(408, '1', 'zxczxcz', '1963-01-01 00:00:00', 'Afghanistan', '', '', '', '', '', '', '', '', '', '', '', '', '', 1, '', '127.0.0.1', 'confirmacion', NULL),
(409, '1', 'sfsdfsdf', '1963-01-01 00:00:00', 'Afghanistan', '', '', '', '', '', '', '', '', '', '', '', '', '', 1, '', '127.0.0.1', 'confirmacion', NULL),
(410, '1', 'xdfsdfsdf', '1963-01-01 00:00:00', 'Afghanistan', '', '', '', '', '', '', '', '', '', '', '', '', '', 1, '', '127.0.0.1', 'confirmacion', NULL),
(411, '1', 'asdasdasd', '1963-01-01 00:00:00', 'Afghanistan', '', '', '', '', '', '', '', '', '', '', '', '', '', 1, '', '127.0.0.1', 'confirmacion', NULL),
(412, '1', 'zxczxczxc', '1963-01-01 00:00:00', 'Afghanistan', '', '', '', '', '', '', '', '', '', '', '', '', '', 1, '', '127.0.0.1', 'confirmacion', NULL),
(413, '1', 'dfgdfgdfg', '1963-01-01 00:00:00', 'Afghanistan', '', '', '', '', '', '', '', '', '', '', '', '', '', 1, '', '127.0.0.1', 'confirmacion', NULL),
(414, '1', 'sdfsdfsdf', '1963-01-01 00:00:00', 'Afghanistan', '', '', '', '', '', '', '', '', '', '', '', '', '', 1, '', '127.0.0.1', 'confirmacion', NULL),
(415, '1', 'sdfsdf', '1963-01-01 00:00:00', 'Afghanistan', '', '', '', '', '', '', '', '', '', '', '', '', '', 1, '', '127.0.0.1', 'confirmacion', NULL),
(416, '1', 'dfgdfgdfg', '1963-01-01 00:00:00', 'Afghanistan', '', '', '', '', '', '', '', '', '', '', '', '', '', 1, '', '127.0.0.1', 'confirmacion', NULL),
(417, '1', 'ASasASa', '1963-01-01 00:00:00', 'Afghanistan', '', '', '', '', '', '', '', '', '', '', '', '', '', 1, '', '127.0.0.1', 'confirmacion', NULL),
(418, '1', 'EPA', '1963-01-01 00:00:00', 'Afghanistan', '', '', '', '', '', '', '', '', '', '', '', '', '', 1, '', '127.0.0.1', 'confirmacion', NULL),
(419, '1', 'sdfsdfs', '1963-01-01 00:00:00', 'Afghanistan', '', '', '', '', '', '', '', '', '', '', '', '', '', 1, '', '127.0.0.1', 'confirmacion', NULL),
(420, '1', 'sdfsdfsdf', '1963-01-01 00:00:00', 'Afghanistan', '', '', '', '', '', '', '', '', '', '', '', '', '', 1, '', '127.0.0.1', 'confirmacion', NULL),
(421, '1', 'EPA', '1963-01-01 00:00:00', 'Afghanistan', '', '', '', '', '', '', '', '', '', '', '', '', '', 1, '', '127.0.0.1', 'confirmacion', NULL),
(422, '1', 'TEST', '1963-01-01 00:00:00', 'Afghanistan', '', '', '', '', '', '', '', '', '', '', '', '', '', 1, '', '127.0.0.1', 'confirmacion', NULL),
(423, '1', 'asdasd', '1963-01-01 00:00:00', 'Afghanistan', '', '', '', '', '', '', '', '', '', '', '', '', '', 1, '', '127.0.0.1', 'confirmacion', NULL),
(424, '1', 'xcvxcvxcv', '1963-01-01 00:00:00', 'Afghanistan', '', '', '', '', '', '', '', '', '', '', '', '', '', 1, '', '127.0.0.1', 'confirmacion', NULL),
(425, '1', 'xcvxcvxcv', '1963-01-01 00:00:00', 'Afghanistan', '', '', '', '', '', '', '', '', '', '', '', '', '', 1, '', '127.0.0.1', 'confirmacion', NULL),
(426, '1', 'adasdasdasd', '1963-01-01 00:00:00', 'Afghanistan', '', '', '', '', '', '', '', '', '', '', '', '', '', 1, '', '127.0.0.1', 'confirmacion', NULL),
(427, '1', 'sdfsdfsdf', '1963-01-01 00:00:00', 'Afghanistan', '', '', '', '', '', '', '', '', '', '', '', '', '', 1, '', '127.0.0.1', 'confirmacion', NULL),
(428, '1', 'dasdasdasd', '1963-01-01 00:00:00', 'Afghanistan', '', '', '', '', '', '', '', '', '', '', '', '', '', 1, '', '127.0.0.1', 'confirmacion', NULL),
(429, '1', 'asdasd', '1963-01-01 00:00:00', 'Afghanistan', '', '', '', '', '', '', '', '', '', '', '', '', '', 1, '', '127.0.0.1', 'confirmacion', NULL),
(430, '1', 'asdasdasd', '1963-01-01 00:00:00', 'Afghanistan', '', '', '', '', '', '', '', '', '', '', '', '', '', 1, '', '127.0.0.1', 'confirmacion', NULL),
(431, '1', 'asdasdasd', '1963-01-01 00:00:00', 'Afghanistan', '', '', '', '', '', '', '', '', '', '', '', '', '', 1, '', '127.0.0.1', 'confirmacion', NULL),
(432, '1', 'asdasdasd', '1963-01-01 00:00:00', 'Afghanistan', '', '', 'a4sd@asasddasd.com', 'asdasd', '', '', '', '', '', '', '', '', '', 1, '', '127.0.0.1', 'confirmacion', '123'),
(433, '1', 'epa', '1963-01-01 00:00:00', 'Afghanistan', '', '', '', '', '', '', '', '', '', '', '', '', '', 1, '', '127.0.0.1', 'confirmacion', NULL),
(434, '1', 'test', '1963-01-01 00:00:00', 'Afghanistan', '', '', '', '', '', '', '', '', '', '', '', '', '', 1, '', '127.0.0.1', 'confirmacion', NULL),
(435, '1', 'v', '1963-01-01 00:00:00', 'Afghanistan', '', '', '', '', '', '', '', '', '', '', '', '', '', 1, '', '127.0.0.1', 'confirmacion', NULL),
(436, '1', 'epa', '1963-01-01 00:00:00', 'Afghanistan', '', '', '', '', '', '', '', '', '', '', '', '', '', 1, '', '127.0.0.1', 'confirmacion', 'confirmacion'),
(437, '1', 'test', '1963-01-01 00:00:00', 'Afghanistan', '', '', '', '', '', '', '', '', '', '', '', '', '', 1, '', '127.0.0.1', 'confirmacion', 'TES'),
(438, '1', 'asdasdasd', '1963-01-01 00:00:00', 'Afghanistan', '', '', '', '', '', '', '', '', '', '', '', '', '', 1, '', '127.0.0.1', 'confirmacion', 'asd'),
(439, '1', 'capa', '1963-01-01 00:00:00', 'Afghanistan', '', '', '', '', '', '', '', '', '', '', '', '', '', 1, '', '127.0.0.1', 'confirmacion', 'cap'),
(440, '1', 'martin', '1963-01-01 00:00:00', 'Afghanistan', '', '', '', '', '', '', '', '', '', '', '', '', '', 1, '', '127.0.0.1', 'confirmacion', 'mar'),
(441, '1', 'testing', '1963-01-01 00:00:00', 'Afghanistan', '', '', '', '', '', '', '', '', '', '', '', '', '', 1, '', '127.0.0.1', 'confirmacion', 'test1'),
(442, '1', 'zxczxc', '1963-01-01 00:00:00', 'Afghanistan', '', '', '', '', '', '', '', '', '', '', '', '', '', 1, '', '127.0.0.1', 'confirmacion', 'zxc'),
(443, '1', 'asdasdasd', '1963-01-01 00:00:00', 'Afghanistan', '', '', '', '', '', '', '', '', '', '', '', '', '', 1, '', '127.0.0.1', 'confirmacion', 'fgh'),
(444, '1', 'asdasdasd', '1963-01-01 00:00:00', 'Afghanistan', '', '', '', '', '', '', '', '', '', '', '', '', '', 1, '', '127.0.0.1', 'confirmacion', 'rgs'),
(445, '1', 'Edwin', '1963-01-01 00:00:00', 'Afghanistan', '', '', '', '', '', '', '', '', '', '', '', '', '', 1, '', '127.0.0.1', 'confirmacion', 'win'),
(446, '1', 'dgdfgdf', '1963-01-01 00:00:00', 'Afghanistan', '', '', '', '', '', '', '', '', '', '', '', '', '', 1, '', '127.0.0.1', 'confirmacion', 'sdf'),
(447, '1', 'qweqwe', '1963-01-01 00:00:00', 'Afghanistan', '', '', '', '', '', '', '', '', '', '', '', '', '', 1, '', '127.0.0.1', 'confirmacion', 'asq'),
(448, '1', 'asda', '1963-01-01 00:00:00', 'Afghanistan', '', '', '', '', '', '', '', '', '', '', '', '', '', 1, '', '127.0.0.1', 'confirmacion', 'fgv'),
(449, '1', 'dfg', '1963-01-01 00:00:00', 'Afghanistan', '', '', '', '', '', '', '', '', '', '', '', '', '', 1, '', '127.0.0.1', 'confirmacion', 'dfg'),
(450, '1', 'fgh', '1963-01-01 00:00:00', 'Afghanistan', '', '', '', '', '', '', '', '', '', '', '', '', '', 1, '', '127.0.0.1', 'confirmacion', 'fgh'),
(451, '1', 'fghfghfghfgh', '1963-01-01 00:00:00', 'Afghanistan', '', '', '', '', '', '', '', '', '', '', '', '', '', 1, '', '127.0.0.1', 'confirmacion', 'vbn'),
(452, '1', 'bnmbnmbn', '1963-01-01 00:00:00', 'Afghanistan', '', '', '', '', '', '', '', '', '', '', '', '', '', 1, '', '127.0.0.1', 'confirmacion', 'mbn'),
(453, '1', 'asdasd', '1963-01-01 00:00:00', 'Afghanistan', '', '', '', '', '', '', '', '', '', '', '', '', '', 1, '', '127.0.0.1', 'confirmacion', 'asdasdasd'),
(454, '1', 'sdfsdfsdfsdf', '1963-01-01 00:00:00', 'Afghanistan', '', '', '', '', '', '', '', '', '', '', '', '', '', 1, '', '127.0.0.1', 'confirmacion', 'sdf'),
(455, '1', 'ghj', '1963-01-01 00:00:00', 'Afghanistan', '', '', '', '', '', '', '', '', '', '', '', '', '', 1, '', '127.0.0.1', 'confirmacion', 'ghj'),
(456, '1', 'dfghjk', '1963-01-01 00:00:00', 'Afghanistan', '', '', '', '', '', '', '', '', '', '', '', '', '', 1, '', '127.0.0.1', 'confirmacion', 'dfghjk'),
(457, '1', 'ghjkl', '1963-01-01 00:00:00', 'Afghanistan', '', '', '', '', '', '', '', '', '', '', '', '', '', 1, '', '127.0.0.1', 'confirmacion', 'uio'),
(458, '1', 'qwe', '1963-01-01 00:00:00', 'Afghanistan', '', '', '', '', '', '', '', '', '', '', '', '', '', 1, '', '127.0.0.1', 'confirmacion', 'ertert'),
(459, '1', 'asd', '1963-01-01 00:00:00', 'Afghanistan', '', '', '', '', '', '', '', '', '', '', '', '', '', 1, '', '127.0.0.1', 'confirmacion', 'asd'),
(460, '1', 'asdasdasd', '1963-01-01 00:00:00', 'Afghanistan', '', '', '', '', '', '', '', '', '', '', '', '', '', 1, '', '127.0.0.1', 'confirmacion', 'asd'),
(461, '1', 'asdasd', '1963-01-01 00:00:00', 'Afghanistan', '', '', '', '', '', '', '', '', '', '', '', '', '', 1, '', '127.0.0.1', 'confirmacion', 'asdasd'),
(462, '1', 'LIZ', '1963-01-01 00:00:00', 'Afghanistan', '', '', '', '', '', '', '', '', '', '', '', '', '', 1, '', '127.0.0.1', 'confirmacion', 'LIZ');

-- --------------------------------------------------------

--
-- Estructura de tabla para la tabla `module`
--

CREATE TABLE IF NOT EXISTS `module` (
  `idmodule` int(11) NOT NULL AUTO_INCREMENT,
  `module` varchar(100) DEFAULT NULL,
  `package` varchar(100) DEFAULT NULL,
  PRIMARY KEY (`idmodule`)
) ENGINE=InnoDB  DEFAULT CHARSET=latin1 COMMENT='		' AUTO_INCREMENT=36 ;

--
-- Volcar la base de datos para la tabla `module`
--

INSERT INTO `module` (`idmodule`, `module`, `package`) VALUES
(1, 'Multiple Administrators', NULL),
(2, 'Profile Groups', NULL),
(3, 'Calendar', NULL),
(4, 'Help System', NULL),
(5, 'Interest & Term Deposits Module', NULL),
(6, 'Certificate of Deposits Generator (PDF)', NULL),
(7, 'Minimum Balance Module', NULL),
(8, 'Monthly Fee Module', NULL),
(9, 'Line of Credit Module', NULL),
(10, 'Recurring Transfers Between Users', NULL),
(11, 'Loan Module', NULL),
(12, 'Terms & Conditions Module', NULL),
(13, 'File Upload Interface Module - Profile Documents', NULL),
(14, 'File Upload Interface Module - Proof of Funds', NULL),
(15, 'News Page Module', NULL),
(16, 'Editable Transactions Module', NULL),
(17, 'Import Transactions Module', NULL),
(18, 'Automated Username/Password Reset Module', NULL),
(19, 'Customer Service Control Module', NULL),
(20, 'Requests Matrix Module', NULL),
(21, 'Debit Card Funding Module (Passive)', NULL),
(22, 'Portfolio and Commodities Module (Passive)', NULL),
(23, 'FX Module (Transfers between Accounts of Different Currencies)', NULL),
(24, 'Commissions Module', NULL),
(25, 'OFAC Compliance Module', NULL),
(26, 'Earthport Integration Module', NULL),
(27, 'Earthport V6 Integration Module', NULL),
(28, 'Earthport Direct Integration Module', NULL),
(29, 'Prepaid Financial Services Integration Module', NULL),
(30, 'CCS Prepay Integration Module', NULL),
(31, 'Banclear Integration Module', NULL),
(32, 'eGateway Integration Module', NULL),
(33, 'Currency Conversion Tool', NULL),
(34, 'Pro Tooltips', NULL),
(35, 'Multi Currency Wires (Incoming and Outgoing Wire Transfers)', NULL);

-- --------------------------------------------------------

--
-- Estructura de tabla para la tabla `users`
--

CREATE TABLE IF NOT EXISTS `users` (
  `id` bigint(20) unsigned NOT NULL AUTO_INCREMENT,
  `username` varchar(255) NOT NULL DEFAULT '',
  `passwd` varchar(255) NOT NULL DEFAULT '',
  `user_status` varchar(255) NOT NULL DEFAULT '',
  `creation_date` datetime DEFAULT '0000-00-00 00:00:00',
  `rol` varchar(45) DEFAULT NULL,
  PRIMARY KEY (`id`),
  UNIQUE KEY `username` (`username`)
) ENGINE=InnoDB  DEFAULT CHARSET=utf8 AUTO_INCREMENT=7 ;

--
-- Volcar la base de datos para la tabla `users`
--

INSERT INTO `users` (`id`, `username`, `passwd`, `user_status`, `creation_date`, `rol`) VALUES
(6, 'edwin', 'edwin', '1', '0000-00-00 00:00:00', 'admin');

--
-- Filtros para las tablas descargadas (dump)
--

--
-- Filtros para la tabla `contact`
--
ALTER TABLE `contact`
  ADD CONSTRAINT `fk_identity` FOREIGN KEY (`identity`) REFERENCES `entity` (`id_entity`) ON DELETE NO ACTION ON UPDATE NO ACTION;

--
-- Filtros para la tabla `directors`
--
ALTER TABLE `directors`
  ADD CONSTRAINT `identity` FOREIGN KEY (`iddirectors`) REFERENCES `entity` (`id_entity`) ON DELETE NO ACTION ON UPDATE NO ACTION;
